{
    "items": [
        {
            "layout_name": "PWC_OTL_MEKONG_TIME_ENTRY_LAYOUT_SET",
            "rec_number": "300000970745071",
            "project_id": "300000970745071",
            "project_number": "332941 ",
            "project_name": "332941 - Kalane Rampai - INTERIM CHARGEABLE EXPENSE CODE - PwC Gauteng Inter Office",
            "client_name": "PwC Gauteng Inter Office",
            "client_id": "100000001155172",
            "project_organization_id": "300000003212666",
            "project_organization_name": "ZA - ADV - Management Consulting",
            "engagement_partner_id": "100000001448298",
            "engagement_partner_name": "Rampai, Kalane",
            "engagement_manager_id": "100000001448298",
            "engagement_manager_name": "Rampai, Kalane",
            "project_activity_id": null,
            "project_activity_name": null,
            "task_id": null,
            "task_number": null,
            "task_name": null,
            "tax_area_name": "Thailand-TH",
            "tax_area_id": "300000000361817",
            "expenditure_type_hr_id": null,
            "expenditure_type_hr_name": null,
            "project_unit_id": "300000003221466"
        },
        {
            "layout_name": "PWC_OTL_MEKONG_TIME_ENTRY_LAYOUT_SET",
            "rec_number": "300000971101689",
            "project_id": "300000971101689",
            "project_number": "332930 ",
            "project_name": "332930 - NON - Dayalan Govender - INTERIM CHARGEABLE EXPENSE CODE - PwC Gauteng Inter Office",
            "client_name": "PwC Gauteng Inter Office",
            "client_id": "100000001155172",
            "project_organization_id": "300000003212666",
            "project_organization_name": "ZA - ADV - Management Consulting",
            "engagement_partner_id": "100000001030696",
            "engagement_partner_name": "Govender, Dayalan",
            "engagement_manager_id": "100000001030696",
            "engagement_manager_name": "Govender, Dayalan",
            "project_activity_id": null,
            "project_activity_name": null,
            "task_id": null,
            "task_number": null,
            "task_name": null,
            "tax_area_name": "Thailand-TH",
            "tax_area_id": "300000000361817",
            "expenditure_type_hr_id": null,
            "expenditure_type_hr_name": null,
            "project_unit_id": "300000003221466"
        },
        {
            "layout_name": "PWC_OTL_MEKONG_TIME_ENTRY_LAYOUT_SET",
            "rec_number": "300001278022235",
            "project_id": "300001278022235",
            "project_number": "383788 ",
            "project_name": "383788 - 68050214T001LUS_Tax advisory - Sefalana Properties Zambia Limited",
            "client_name": null,
            "client_id": null,
            "project_organization_id": "300001253964111",
            "project_organization_name": "ZM - TAX - CIT - General",
            "engagement_partner_id": null,
            "engagement_partner_name": null,
            "engagement_manager_id": null,
            "engagement_manager_name": null,
            "project_activity_id": null,
            "project_activity_name": null,
            "task_id": null,
            "task_number": null,
            "task_name": null,
            "tax_area_name": "Thailand-TH",
            "tax_area_id": "300000000361817",
            "expenditure_type_hr_id": null,
            "expenditure_type_hr_name": null,
            "project_unit_id": "300001253902025"
        },
        {
            "layout_name": "PWC_OTL_MEKONG_TIME_ENTRY_LAYOUT_SET",
            "rec_number": "300001974062459",
            "project_id": "300001974062459",
            "project_number": "431835 ",
            "project_name": "431835 - General Procurement  0000 - ZW Balance Sheet - ZW - Harare$$275362$$",
            "client_name": null,
            "client_id": null,
            "project_organization_id": "300000003220134",
            "project_organization_name": "ZW - IFS - Balance Sheet",
            "engagement_partner_id": "100000001882397",
            "engagement_partner_name": "Rwodzi, Tinashe",
            "engagement_manager_id": "100000001882397",
            "engagement_manager_name": "Rwodzi, Tinashe",
            "project_activity_id": null,
            "project_activity_name": null,
            "task_id": null,
            "task_number": null,
            "task_name": null,
            "tax_area_name": "Thailand-TH",
            "tax_area_id": "300000000361817",
            "expenditure_type_hr_id": null,
            "expenditure_type_hr_name": null,
            "project_unit_id": "300000003221480"
        },
        {
            "layout_name": "PWC_OTL_MEKONG_TIME_ENTRY_LAYOUT_SET",
            "rec_number": "300002242895150",
            "project_id": "300002242895150",
            "project_number": "440550 ",
            "project_name": "440550 - NON - ZA__0508_ZA_PwC Internal with Credit_0508_Dayalan Govender- Business Development - Time code only  _Non Billable",
            "client_name": null,
            "client_id": null,
            "project_organization_id": "300000003212666",
            "project_organization_name": "ZA - ADV - Management Consulting",
            "engagement_partner_id": "100000001030696",
            "engagement_partner_name": "Govender, Dayalan",
            "engagement_manager_id": "100000001030696",
            "engagement_manager_name": "Govender, Dayalan",
            "project_activity_id": null,
            "project_activity_name": null,
            "task_id": null,
            "task_number": null,
            "task_name": null,
            "tax_area_name": "Thailand-TH",
            "tax_area_id": "300000000361817",
            "expenditure_type_hr_id": null,
            "expenditure_type_hr_name": null,
            "project_unit_id": "300000003221466"
        },
        {
            "layout_name": "PWC_OTL_MEKONG_TIME_ENTRY_LAYOUT_SET",
            "rec_number": "300002243153108",
            "project_id": "300002243153108",
            "project_number": "440565 ",
            "project_name": "440565 - NON - ZA__0508_ZA_PwC Internal with Credit_0508_Kalane Rampai_ Business Development - Time code only  _Non Billable",
            "client_name": null,
            "client_id": null,
            "project_organization_id": "300000003212666",
            "project_organization_name": "ZA - ADV - Management Consulting",
            "engagement_partner_id": "100000001448298",
            "engagement_partner_name": "Rampai, Kalane",
            "engagement_manager_id": "100000001448298",
            "engagement_manager_name": "Rampai, Kalane",
            "project_activity_id": null,
            "project_activity_name": null,
            "task_id": null,
            "task_number": null,
            "task_name": null,
            "tax_area_name": "Thailand-TH",
            "tax_area_id": "300000000361817",
            "expenditure_type_hr_id": null,
            "expenditure_type_hr_name": null,
            "project_unit_id": "300000003221466"
        },
        {
            "layout_name": "PWC_OTL_MEKONG_TIME_ENTRY_LAYOUT_SET",
            "rec_number": "300002943709793",
            "project_id": "300002943709793",
            "project_number": "495426 ",
            "project_name": "495426 - L&D_IBR-Balance Sheet Review",
            "client_name": null,
            "client_id": null,
            "project_organization_id": "300002855660288",
            "project_organization_name": "MY IFS ACM KUL",
            "engagement_partner_id": null,
            "engagement_partner_name": null,
            "engagement_manager_id": null,
            "engagement_manager_name": null,
            "project_activity_id": null,
            "project_activity_name": null,
            "task_id": null,
            "task_number": null,
            "task_name": null,
            "tax_area_name": "Thailand-TH",
            "tax_area_id": "300000000361817",
            "expenditure_type_hr_id": null,
            "expenditure_type_hr_name": null,
            "project_unit_id": "300002838051513"
        },
        {
            "layout_name": "PWC_OTL_MEKONG_TIME_ENTRY_LAYOUT_SET",
            "rec_number": "300002943731919",
            "project_id": "300002943731919",
            "project_number": "495950 ",
            "project_name": "495950 - PwC VN_Assurance Business Development_KAP Novaland",
            "client_name": null,
            "client_id": null,
            "project_organization_id": "300002855798849",
            "project_organization_name": "VN ASR FINANCIAL AUDIT 1 SGN",
            "engagement_partner_id": null,
            "engagement_partner_name": null,
            "engagement_manager_id": null,
            "engagement_manager_name": null,
            "project_activity_id": null,
            "project_activity_name": null,
            "task_id": null,
            "task_number": null,
            "task_name": null,
            "tax_area_name": "Thailand-TH",
            "tax_area_id": "300000000361817",
            "expenditure_type_hr_id": null,
            "expenditure_type_hr_name": null,
            "project_unit_id": "300002838051553"
        },
        {
            "layout_name": "PWC_OTL_MEKONG_TIME_ENTRY_LAYOUT_SET",
            "rec_number": "300002943755331",
            "project_id": "300002943755331",
            "project_number": "496474 ",
            "project_name": "496474 - PwC VN_Global Mobility_PwC New Zealand",
            "client_name": null,
            "client_id": null,
            "project_organization_id": "300002855803740",
            "project_organization_name": "VN IFS HUMAN RESOURCE (HR) SGN",
            "engagement_partner_id": null,
            "engagement_partner_name": null,
            "engagement_manager_id": null,
            "engagement_manager_name": null,
            "project_activity_id": null,
            "project_activity_name": null,
            "task_id": null,
            "task_number": null,
            "task_name": null,
            "tax_area_name": "Thailand-TH",
            "tax_area_id": "300000000361817",
            "expenditure_type_hr_id": null,
            "expenditure_type_hr_name": null,
            "project_unit_id": "300002838051553"
        },
        {
            "layout_name": "PWC_OTL_MEKONG_TIME_ENTRY_LAYOUT_SET",
            "rec_number": "300002943764236",
            "project_id": "300002943764236",
            "project_number": "496736 ",
            "project_name": "496736 - PwC VN_RAS BD_ITRA _ Novaland - FPA",
            "client_name": null,
            "client_id": null,
            "project_organization_id": "300002855740157",
            "project_organization_name": "VN ASR BUSINESS SOLUTIONS (BS) SGN",
            "engagement_partner_id": null,
            "engagement_partner_name": null,
            "engagement_manager_id": null,
            "engagement_manager_name": null,
            "project_activity_id": null,
            "project_activity_name": null,
            "task_id": null,
            "task_number": null,
            "task_name": null,
            "tax_area_name": "Thailand-TH",
            "tax_area_id": "300000000361817",
            "expenditure_type_hr_id": null,
            "expenditure_type_hr_name": null,
            "project_unit_id": "300002838051553"
        },
        {
            "layout_name": "PWC_OTL_MEKONG_TIME_ENTRY_LAYOUT_SET",
            "rec_number": "300002943764598",
            "project_id": "300002943764598",
            "project_number": "496783 ",
            "project_name": "496783 - PwC VN_RAS BD_ITRA_Novaland - SOD/SAT Pursuit",
            "client_name": null,
            "client_id": null,
            "project_organization_id": "300002855740157",
            "project_organization_name": "VN ASR BUSINESS SOLUTIONS (BS) SGN",
            "engagement_partner_id": null,
            "engagement_partner_name": null,
            "engagement_manager_id": null,
            "engagement_manager_name": null,
            "project_activity_id": null,
            "project_activity_name": null,
            "task_id": null,
            "task_number": null,
            "task_name": null,
            "tax_area_name": "Thailand-TH",
            "tax_area_id": "300000000361817",
            "expenditure_type_hr_id": null,
            "expenditure_type_hr_name": null,
            "project_unit_id": "300002838051553"
        },
        {
            "layout_name": "PWC_OTL_MEKONG_TIME_ENTRY_LAYOUT_SET",
            "rec_number": "300002943827126",
            "project_id": "300002943827126",
            "project_number": "497977 ",
            "project_name": "497977 - L&D_TSI 12 Balance Sheet Fundamentals",
            "client_name": null,
            "client_id": null,
            "project_organization_id": "300002855660288",
            "project_organization_name": "MY IFS ACM KUL",
            "engagement_partner_id": null,
            "engagement_partner_name": null,
            "engagement_manager_id": null,
            "engagement_manager_name": null,
            "project_activity_id": null,
            "project_activity_name": null,
            "task_id": null,
            "task_number": null,
            "task_name": null,
            "tax_area_name": "Thailand-TH",
            "tax_area_id": "300000000361817",
            "expenditure_type_hr_id": null,
            "expenditure_type_hr_name": null,
            "project_unit_id": "300002838051513"
        }
    ],
    "hasMore": false,
    "limit": 100,
    "offset": 0,
    "count": 12,
    "links": [
        {
            "rel": "self",
            "href": "https://dc5iwixeofdxweu-devdb.adb.eu-frankfurt-1.oraclecloudapps.com/ords/ordspwc/OTL_S/TimeEntryAdvanceSearch?projectName=Alan"
        },
        {
            "rel": "describedby",
            "href": "https://dc5iwixeofdxweu-devdb.adb.eu-frankfurt-1.oraclecloudapps.com/ords/ordspwc/metadata-catalog/OTL_S/item"
        },
        {
            "rel": "first",
            "href": "https://dc5iwixeofdxweu-devdb.adb.eu-frankfurt-1.oraclecloudapps.com/ords/ordspwc/OTL_S/TimeEntryAdvanceSearch?projectName=Alan"
        }
    ]
}