{
    "items": [
        {
            "enddate": "2022-01-17T00:00:00.000Z",
            "totalhours": 7,
            "startdate": "2022-01-11T00:00:00.000Z",
            "time1_measure": 0,
            "time2_measure": 5,
            "time3_measure": 0,
            "time4_measure": 0,
            "time5_measure": 0,
            "time6_measure": 0,
            "time7_measure": 0,
            "created_on": null,
            "person_id": 100000324251147
        },
        {
            "enddate": "2022-01-16T00:00:00.000Z",
            "totalhours": 14,
            "startdate": "2022-01-10T00:00:00.000Z",
            "time1_measure": 4,
            "time2_measure": 5,
            "time3_measure": 5,
            "time4_measure": 0,
            "time5_measure": 0,
            "time6_measure": 0,
            "time7_measure": 0,
            "created_on": null,
            "person_id": 100000324251147
        }
    ],
    "hasMore": false,
    "limit": 0,
    "offset": 0,
    "count": 2,
    "links": [
        {
            "rel": "self",
            "href": "https://dc5iwixeofdxweu-devdb.adb.eu-frankfurt-1.oraclecloudapps.com/ords/ordspwc/OTL/GetTimeCardHistory?person_id=100000324251147"
        },
        {
            "rel": "describedby",
            "href": "https://dc5iwixeofdxweu-devdb.adb.eu-frankfurt-1.oraclecloudapps.com/ords/ordspwc/metadata-catalog/OTL/item"
        }
    ]
}