{
  "title": "",
  "description": "",
  "variables": {
    "advancedSearchInput": {
      "type": "advancedSearchInputType"
    },
    "getTimeEntryAdvanceSearchListSDP": {
      "type": "vb/ServiceDataProvider",
      "defaultValue": {
        "endpoint": "searchAPI/getTimeEntryAdvanceSearch",
        "keyAttributes": "rec_number",
        "itemsPath": "items",
        "responseType": "getTimeEntryAdvanceSearchResponse",
        "headers": {
          "userName": "{{ $application.variables.commonApplicationOrUserData.userName }}"
        },
        "uriParameters": {
          "clientName": "{{ $variables.advancedSearchInputParams.clientName||'' }}",
          "engManager": "{{ $variables.advancedSearchInputParams.engManager||'' }}",
          "engPartner": "{{ $variables.advancedSearchInputParams.engPartner||'' }}",
          "projectDesc": "{{ $variables.advancedSearchInputParams.projectDesc||'' }}",
          "projectName": "{{ $variables.advancedSearchInputParams.projectName||'' }}",
          "projectNumber": "{{ $variables.advancedSearchInputParams.projectNumber||'' }}",
          "billPartner": "{{ $variables.advancedSearchInputParams.billPartner||'' }}",
          "billManager": "{{ $variables.advancedSearchInputParams.billManager||'' }}",
          "classCode": "{{ $variables.advancedSearchInputParams.classCode||'' }}",
          "classDesc": "{{ $variables.advancedSearchInputParams.classDesc||'' }}",
          "endDate": "{{ $variables.advancedSearchInputParams.endDate||'' }}",
          "projectOrg": "{{ $variables.advancedSearchInputParams.projectOrg||'' }}",
          "startDate": "{{ $variables.advancedSearchInputParams.startDate||'' }}"
        }
      }
    },
    "postTimeEntryData": {
      "type": "postTimeEntryRecord"
    },
    "searchInput": {
      "type": "string",
      "input": "fromCaller"
    },
    "searchMenuBtnSelectedValue": {
      "type": "string",
      "required": false,
      "input": "fromCaller",
      "defaultValue": "All"
    },
    "selectedTimeEntryFromProjectResultSet": {
      "type": "vb/ArrayDataProvider2",
      "defaultValue": {
        "itemType": "getTimeEntrySearchType",
        "keyAttributes": "rec_number"
      }
    },
    "advancedSearchInputParams": {
      "type": "advancedSearchInputType"
    }

  },
  "metadata": {},
  "types": {
    "@decorators.getTimeEntryAdvanceSearchResponse": {
      "endpoint": "getTimeEntryAdvanceSearch",
      "service": "searchAPI",
      "path": "response"
    },
    "@decorators.getTimeEntrySearchType": {
      "endpoint": "getTimeEntrySearch",
      "service": "searchAPI",
      "path": "response-_-items[0]"
    },
    "@decorators.postTimeEntryRecord": {
      "endpoint": "postTimeEntryRecord",
      "service": "ords",
      "path": "request"
    },
    "advancedSearchInputType": {
      "billManager": "string",
      "billPartner": "string",
      "classCode": "string",
      "classDesc": "string",
      "clientName": "string",
      "endDate": "string",
      "engManager": "string",
      "engPartner": "string",
      "projectDesc": "string",
      "projectName": "string",
      "projectNumber": "string",
      "projectOrg": "string",
      "startDate": "string"

    },
    "getTimeEntryAdvanceSearchResponse": {
      "items": [
        {
          "client_id": "string",
          "client_name": "string",
          "engagement_manager_id": "string",
          "engagement_manager_name": "string",
          "engagement_partner_id": "string",
          "engagement_partner_name": "string",
          "expenditure_type_hr_id": "any",
          "expenditure_type_hr_name": "any",
          "layout_name": "string",
          "project_activity_id": "any",
          "project_activity_name": "any",
          "project_id": "string",
          "project_name": "string",
          "project_number": "string",
          "project_organization_id": "string",
          "project_organization_name": "string",
          "project_unit_id": "string",
          "rec_number": "string",
          "task_id": "any",
          "task_name": "any",
          "task_number": "any",
          "tax_area_id": "string",
          "tax_area_name": "string"
        }
      ]
    },
    "getTimeEntrySearchType": {
      "client_id": "string",
      "client_name": "string",
      "engagement_manager_id": "string",
      "engagement_manager_name": "string",
      "engagement_partner_id": "string",
      "engagement_partner_name": "string",
      "expenditure_type_hr_id": "any",
      "expenditure_type_hr_name": "any",
      "layout_name": "string",
      "project_activity_id": "any",
      "project_activity_name": "any",
      "project_id": "string",
      "project_name": "string",
      "project_number": "string",
      "project_organization_id": "string",
      "project_organization_name": "string",
      "project_unit_id": "string",
      "rec_number": "string",
      "task_id": "any",
      "task_name": "any",
      "task_number": "any",
      "tax_area_id": "string",
      "tax_area_name": "string"

    },
    "postTimeEntryRecord": {
      "Items": [
        {
          "country_code": "string",
          "end_date": "string",
          "engagement_partner_id": "number",
          "engagement_partner_name": "string",
          "expenditure_type_hr_id": "number",
          "expenditure_type_hr_name": "string",
          "favourite_flag": "string",
          "month_no": "string",
          "person_id": "number",
          "project_activity_id": "number",
          "project_id": "number",
          "project_name": "string",
          "project_organization_id": "number",
          "project_organization_name": "string",
          "projecta_ctivity_name": "string",
          "start_date": "string",
          "state_code": "string",
          "status": "string",
          "task_id": "number",
          "task_name": "string",
          "tax_area_id": "number",
          "tax_area_name": "string",
          "template_id": "number",
          "time1_comments": "string",
          "time1_measure": "number",
          "time1_measure_uom": "string",
          "time2_comments": "string",
          "time2_measure": "number",
          "time2_measure_uom": "string",
          "time3_comments": "string",
          "time3_measure": "number",
          "time3_measure_uom": "string",
          "time4_comments": "string",
          "time4_measure": "number",
          "time4_measure_uom": "string",
          "time5_comments": "string",
          "time5_measure": "number",
          "year": "string"
        }
      ]
    }

  },
  "eventListeners": {
    "ojButtonOjAction": {
      "chains": [
        {
          "chainId": "BAC_Back"
        }
      ]
    },
    "ojButtonOjAction2": {
      "chains": [
        {
          "chainId": "BAC_Add_Selected_Project_Tab"
        }
      ]
    },
    "ojButtonOjAction3": {
      "chains": [
        {
          "chainId": "BAC_Clear"
        }
      ]
    },
    "ojSampleCheckboxSwitchClick": {
      "chains": [
        {
          "chainId": "SelectCheckboxClickChain",
          "parameters": {
            "current": "{{ $current }}",
            "index": "{{ $current.index }}",
            "key": "{{ $current.key }}"
          }
        }
      ]
    },
    "searchBtnOjAction": {
      "chains": [
        {
          "chainId": "BAC_Search"
        }
      ]
    },
    "vbEnter": {
      "chains": [
        {
          "chainId": "OnVBEnter",
          "parameters": {}
        }
      ]
    }

  },
  "imports": {
    "components": {
      "oj-avatar": {
        "path": "ojs/ojavatar"
      },
      "oj-button": {
        "path": "ojs/ojbutton"
      },
      "oj-input-text": {
        "path": "ojs/ojinputtext"
      },
      "oj-list-item-layout": {
        "path": "ojs/ojlistitemlayout"
      },
      "oj-list-view": {
        "path": "ojs/ojlistview"
      },
      "oj-radioset": {
        "path": "ojs/ojradioset"
      },
      "oj-row-expander": {
        "path": "ojs/ojrowexpander"
      },
      "oj-sample-checkbox-switch": {
        "path": "oj-sample/checkbox-switch/loader"
      },
      "oj-select-one": {
        "path": "ojs/ojselectcombobox"
      },
      "oj-table": {
        "path": "ojs/ojtable"
      },
      "oj-toolbar": {
        "path": "ojs/ojtoolbar"
      }

    }
  }
}
