{
  "title": "",
  "description": "",
  "variables": {
    "selectedTimeCard": {
      "type": {
        "createondate": "string",
        "end_date": "string",
        "total_week_hours": "number"
      }
    },
    "templateTableADP": {
      "type": "vb/ArrayDataProvider2",
      "defaultValue": {
        "data": "{{ $variables.templateTableArr }}",
        "itemType": "templateTableType",
        "keyAttributes": "id"
      }
    },
    "templateTableArr": {
      "type": "object[]",
      "defaultValue": [
        {
          "id": "1",
          "templateName": "Holiday",
          "createon": "26-Nov",
          "edit": "edit",
          "template": "Radio",
          "action": "Delete"
        },
        {
          "id": "2",
          "templateName": "Client Summery",
          "createon": "26-Nov",
          "edit": "edit",
          "template": "Radio",
          "action": "Delete"
        },
        {
          "id": "3",
          "templateName": "PTO",
          "createon": "26-Jul",
          "edit": "edit",
          "template": "Radio",
          "action": "Delete"
        },
        {
          "id": "4",
          "templateName": "Sick days",
          "createon": "26-Jul",
          "edit": "edit",
          "template": "Radio",
          "action": "Delete"
        },
        {
          "id": "5",
          "templateName": "PTO 2021",
          "createon": "26-Jul",
          "edit": "edit",
          "template": "Radio",
          "action": "Delete"
        },
        {
          "id": "6",
          "templateName": "PTO 2020",
          "createon": "26-Jul",
          "edit": "edit",
          "template": "Radio",
          "action": "Delete"
        },
        {
          "id": "7",
          "templateName": "All meetings",
          "createon": "26-Jul",
          "edit": "edit",
          "template": "Radio",
          "action": "Delete"
        }
      ]
    }

  },
  "metadata": {},
  "types": {
    "templateTableType": {
      "action": "string",
      "createon": "string",
      "edit": "string",
      "id": "string",
      "template": "string",
      "templateName": "string"
    }
  },
  "eventListeners": {
    "aClick": {
      "chains": [
        {
          "chainId": "HyperlinkClickChain_FAQ"
        }
      ]
    },
    "vbEnter": {
      "chains": [
        {
          "chainId": "OnVBEnter",
          "parameters": {}
        }
      ]
    }

  },
  "imports": {
    "components": {
      "oj-button": {
        "path": "ojs/ojbutton"
      },
      "oj-buttonset-many": {
        "path": "ojs/ojbutton"
      },
      "oj-input-search": {
        "path": "ojs/ojinputsearch"
      },
      "oj-menu": {
        "path": "ojs/ojmenu"
      },
      "oj-menu-button": {
        "path": "ojs/ojbutton"
      },
      "oj-option": {
        "path": "ojs/ojoption"
      },
      "oj-paging-control": {
        "path": "ojs/ojpagingcontrol"
      },
      "oj-radioset": {
        "path": "ojs/ojradioset"
      },
      "oj-select-one": {
        "path": "ojs/ojselectcombobox"
      },
      "oj-select-single": {
        "path": "ojs/ojselectsingle"
      },
      "oj-table": {
        "path": "ojs/ojtable"
      }

    }
  },
  "routerFlow": "create-timecard-templates"
}
