{
  "title": "",
  "description": "",
  "variables": {

    "faq_json": {
      "type": "getFaqDetails"
    },
    "href_tags_array": {
      "type": "string[]"
    }

  },
  "metadata": {},
  "types": {
    "@decorators.getFaqDetails": {
      "endpoint": "getFaqDetails",
      "service": "ords",
      "path": "response"
    },
    "getFaqDetails": {
      "Items": [
        {
          "Faq_Details": [
            {
              "Content": "string",
              "FAQ_header": "string"
            }
          ],
          "Faq_Name": "string"
        }
      ]
    }

  },
  "eventListeners": {
    "vbEnter": {
      "chains": [
        {
          "chainId": "OnVBEnter",
          "parameters": {}
        }
      ]
    }
  },
  "imports": {
    "components": {
      "oj-accordion": {
        "path": "ojs/ojaccordion"
      },
      "oj-button": {
        "path": "ojs/ojbutton"
      },
      "oj-collapsible": {
        "path": "ojs/ojcollapsible"
      },
      "oj-masonry-layout": {
        "path": "ojs/ojmasonrylayout"
      }
    }
  }
}
