{
  "title": "",
  "description": "",
  "variables": {
    "getGetEmployeesListSDP": {
      "type": "vb/ServiceDataProvider",
      "defaultValue": {
        "endpoint": "ords/getGetEmployees",
        "keyAttributes": "person_id",
        "itemsPath": "items",
        "responseType": "getGetEmployeesResponse",
        "uriParameters": {
          "userName": "{{ $application.variables.commonApplicationOrUserData.userName }}"
        },
        "transformsContext": {
          "vb-textFilterAttributes": [
            "display_name"
          ]
        }
      }
    },
    "postTimeEntryPayload": {
      "type": "postTimeEntryRecord"
    },
    "searchInput": {
      "type": "string"
    },
    "searchMenuBtnSelectedValue": {
      "type": "string",
      "defaultValue": "All"
    },
    "templatesLovADP": {
      "type": "vb/ArrayDataProvider2",
      "defaultValue": {
        "itemType": "getGetTimeCardTemplate",
        "keyAttributes": "template_id"
      }
    }

  },
  "metadata": {
    "dynamicContainerMetadata": {
      "type": "vb/ContainerMetadataProviderDescriptor"
    }
  },
  "types": {
    "@decorators.getGetEmployeesResponse": {
      "endpoint": "getGetEmployees",
      "service": "ords",
      "path": "response"
    },
    "@decorators.getGetTimeCardTemplate": {
      "endpoint": "getGetTimeCardTemplate",
      "service": "ords",
      "path": "response-_-items[0]"
    },
    "@decorators.postTimeEntryRecord": {
      "endpoint": "postTimeEntryRecord",
      "service": "ords",
      "path": "request"
    },
    "getGetEmployeesResponse": {
      "items": [
        {
          "display_name": "string",
          "organization_id": "string",
          "organization_name": "string",
          "person_id": "string",
          "person_number": "string",
          "username": "string"
        }
      ]
    },
    "getGetTimeCardTemplate": {
      "template_description": "string",
      "template_id": "number",
      "template_name": "string",
      "total_hours": "number"
    },
    "postTimeEntryRecord": {
      "Items": [
        {
          "country_code": "string",
          "end_date": "string",
          "engagement_partner_id": "number",
          "engagement_partner_name": "string",
          "expenditure_type_hr_id": "number",
          "expenditure_type_hr_name": "string",
          "favourite_flag": "string",
          "month_no": "string",
          "person_id": "number",
          "project_activity_id": "number",
          "project_id": "number",
          "project_name": "string",
          "project_organization_id": "number",
          "project_organization_name": "string",
          "projecta_ctivity_name": "string",
          "start_date": "string",
          "state_code": "string",
          "status": "string",
          "task_id": "number",
          "task_name": "string",
          "tax_area_id": "number",
          "tax_area_name": "string",
          "template_id": "number",
          "time1_comments": "string",
          "time1_measure": "number",
          "time1_measure_uom": "string",
          "time2_comments": "string",
          "time2_measure": "number",
          "time2_measure_uom": "string",
          "time3_comments": "string",
          "time3_measure": "number",
          "time3_measure_uom": "string",
          "time4_comments": "string",
          "time4_measure": "number",
          "time4_measure_uom": "string",
          "time5_comments": "string",
          "time5_measure": "number",
          "year": "string"
        }
      ]
    }

  },
  "eventListeners": {
    "aClick": {
      "chains": [
        {
          "chainId": "HyperlinkClickChain_FAQ"
        }
      ]
    },
    "ojMenuOjMenuAction": {
      "chains": [
        {
          "chainId": "MenuMenuActionChain",
          "parameters": {
            "selectedValue": "{{ $event.detail.selectedValue }}"
          }
        }
      ]
    },
    "ojSelectSingleValueItem": {
      "chains": [
        {
          "chainId": "SingleSelectValueItemChangeChain",
          "parameters": {
            "key": "{{$event.detail.value.key}}",
            "data": "{{$event.detail.value.data}}",
            "metadata": "{{$event.detail.value.metadata}}"
          }
        }
      ]
    },
    "searchBtnOjAction": {
      "chains": [
        {
          "chainId": "BAC_Search"
        }
      ]
    },
    "searchBtnOjAction2": {
      "chains": [
        {
          "chainId": "BAC_Advanced_Search"
        }
      ]
    },
    "vbEnter": {
      "chains": [
        {
          "chainId": "OnVBEnter",
          "parameters": {}
        }
      ]
    }

  },
  "imports": {
    "components": {
      "oj-button": {
        "path": "ojs/ojbutton"
      },
      "oj-highlight-text": {
        "path": "ojs/ojhighlighttext"
      },
      "oj-input-search": {
        "path": "ojs/ojinputsearch"
      },
      "oj-input-text": {
        "path": "ojs/ojinputtext"
      },
      "oj-label": {
        "path": "ojs/ojlabel"
      },
      "oj-list-item-layout": {
        "path": "ojs/ojlistitemlayout"
      },
      "oj-list-view": {
        "path": "ojs/ojlistview"
      },
      "oj-menu": {
        "path": "ojs/ojmenu"
      },
      "oj-menu-button": {
        "path": "ojs/ojbutton"
      },
      "oj-option": {
        "path": "ojs/ojoption"
      },
      "oj-popup": {
        "path": "ojs/ojpopup"
      },
      "oj-select-one": {
        "path": "ojs/ojselectcombobox"
      },
      "oj-select-single": {
        "path": "ojs/ojselectsingle"
      },
      "oj-table": {
        "path": "ojs/ojtable"
      },
      "oj-text-area": {
        "path": "ojs/ojinputtext"
      }

   },
    "modules": {
      "ojValidationNumber": {
        "path": "ojs/ojvalidation-number"
      }
    }
  },
  "layouts": {
    "containerLayout1": {
      "label": "Container Rule Set 1",
      "layoutType": "container",
      "layouts": {
        "case1": {
          "label": "Case 1",
          "layoutType": "container",
          "layout": {
            "sectionTemplateMap": {
              "section1": "template1"
            },
            "displayProperties": [
              "section1"
            ]
          }
        }
      },
      "rules": [
        "containerLayout1-rule1"
      ]
    },
    "containerLayout1-rule1": {
      "expression": "case1"
    }
  },
  "templates": {
    "template1": {
      "title": "Default Template",
      "extensible": "byReference",
      "@dt": {
        "type": "section",
        "layout": "containerLayout1"
      },
      "dependencies": []
    }
  },
  "routerFlow": "create-timecard-enter-time"
}
