{
  "title": "",
  "description": "",
  "variables": {
  },
  "metadata": {},
  "types": {
  },
  "eventListeners": {
    "aClick": {
      "chains": [
        {
          "chainId": "HyperlinkClickChain"
        }
      ]
    },
    "vbEnter": {
      "chains": [
        {
          "chainId": "OnVBEnter",
          "parameters": {}
        }
      ]
    }

  },
  "imports": {
    "components": {

      "oj-option": {
        "path": "ojs/ojoption"
      },
      "oj-radioset": {
        "path": "ojs/ojradioset"
      },
      "oj-table": {
        "path": "ojs/ojtable"
      }
    }
  },
  "routerFlow": "timecard-history"
}
