{
    "Items": [
        {
            "Faq_Name": "Timecard History",
            "Faq_Details": [
                {
                    "FAQ_header": "How far back do my timecards get saved?",
                    "Content": "Sample Content"
                }
            ]
        },
        {
            "Faq_Name": "Timecard templates",
            "Faq_Details": [
                {
                    "FAQ_header": "How do I create a template?",
                    "Content": "Sample Content"
                }
            ]
        },
        {
            "Faq_Name": "Creating A Timecord",
            "Faq_Details": [
                {
                    "FAQ_header": "What do i do if i get an error?",
                    "Content": "Sample contenet"
                },
                {
                    "FAQ_header": "Can I Create a Past or future timecard?",
                    "Content": "Sample Content"
                }
            ]
        },
        {
            "Faq_Name": "Creating A Timecord",
            "Faq_Details": [
                {
                    "FAQ_header": "What do i do if i get an error?",
                    "Content": "Sample contenet"
                },
                {
                    "FAQ_header": "Can I Create a Past or future timecard?",
                    "Content": "Sample Content"
                }
            ]
        }
    ]
}