{
    "items": [
        {
            "project_id": "300000009736985",
            "name": "CLOSED_821206_KMB - annual returns",
            "description": "KMB - annual returns",
            "org_id": "300000003163534",
            "org_name": "ZA - ASS - PCS - Secretarial",
            "legal_entity_id": "300000003162626",
            "actual_start_date": null,
            "actual_finish_date": null,
            "scheduled_start_date": "01-01-1951 00:00:00",
            "scheduled_finish_date": "31-12-4712 00:00:00",
            "client_name": null,
            "client_id": null,
            "engagement_partner_id": "100000001030750",
            "engagement_partner_name": "Wessels, Hendrik",
            "engagement_manager_id": "100000001448328",
            "engagement_manager_name": "Moodley, Kevan",
            "billing_partner_id": "100000001882474",
            "billing_partner_name": "Hauptfleisch, Werner",
            "billing_manager_id": "100000001448328",
            "billing_manager_name": "Moodley, Kevan",
            "line_of_service": null,
            "project_classification_code": "T230",
            "project_classification": "Accounting, Bookkeeping and Related Svcs"
        }
    ],
    "hasMore": false,
    "limit": 100,
    "offset": 0,
    "count": 1,
    "links": [
        {
            "rel": "self",
            "href": "https://dc5iwixeofdxweu-devdb.adb.eu-frankfurt-1.oraclecloudapps.com/ords/ordspwc/OTL/GetProjectDetails?projectId=300000009736985"
        },
        {
            "rel": "describedby",
            "href": "https://dc5iwixeofdxweu-devdb.adb.eu-frankfurt-1.oraclecloudapps.com/ords/ordspwc/metadata-catalog/OTL/item"
        },
        {
            "rel": "first",
            "href": "https://dc5iwixeofdxweu-devdb.adb.eu-frankfurt-1.oraclecloudapps.com/ords/ordspwc/OTL/GetProjectDetails?projectId=300000009736985"
        }
    ]
}