{
    "Items": [
        {
            "layout_id": 2,
            "time_entry_dtl_id": 8,
            "person_id": 300003110066877,
            "person_number": "101060392",
            "assignment_number": "",
            "reporter_id": "",
            "start_date": "2021-12-06T00:00:00Z",
            "end_date": "2021-12-12T00:00:00Z",
            "time_card_period": "2021-12-06T00:00:00Z - 2021-12-12T00:00:00Z",
            "status": "Active",
            "comment_text": "",
            "object_version_number": "",
            "resubmission_reason": "",
            "project_id": 300002943808062,
            "project_name": "497590 - Consulting Internal - Business Development / Marketing",
            "task_id": 100002105382950,
            "task_name": "Client Relationships (visit, lunch, discuss, etc.)",
            "project_activity_id": "",
            "project_activity_name": "",
            "engagement_partner_id": "",
            "engagement_partner_name": "",
            "project_organization_id": 0,
            "project_organization_name": "",
            "tax_area_id": 100010039664520,
            "tax_area_name": "Curacao-CW",
            "expenditure_type_hr_id": "",
            "expenditure_type_hr_name": "",
            "time1_measure": 1,
            "time2_measure": 2,
            "time3_measure": 2,
            "time4_measure": 0,
            "time5_measure": 1,
            "time6_measure": 0,
            "time7_measure": 0,
            "time1_measure_uom": "",
            "time2_measure_uom": "",
            "time3_measure_uom": "",
            "time4_measure_uom": "",
            "time5_measure_uom": "",
            "time6_measure_uom": "",
            "time7_measure_uom": "",
            "time1_comments": "This is a test comment2\n",
            "time2_comments": "",
            "time3_comments": "",
            "time4_comments": "",
            "time5_comments": "",
            "time6_comments": "",
            "time7_comments": "",
            "created_by": "",
            "creation_date": "",
            "last_updated_by": "",
            "last_updated_date": "",
            "last_updated_login": ""
        },
        {
            "layout_id": 2,
            "time_entry_dtl_id": 9,
            "person_id": 300003110066877,
            "person_number": "101060392",
            "assignment_number": "",
            "reporter_id": "",
            "start_date": "2021-12-06T00:00:00Z",
            "end_date": "2021-12-12T00:00:00Z",
            "time_card_period": "2021-12-06T00:00:00Z - 2021-12-12T00:00:00Z",
            "status": "Active",
            "comment_text": "",
            "object_version_number": "",
            "resubmission_reason": "",
            "project_id": 300002943808062,
            "project_name": "497590 - Consulting Internal - Business Development / Marketing",
            "task_id": 100002105488131,
            "task_name": "Industry Programme",
            "project_activity_id": "",
            "project_activity_name": "",
            "engagement_partner_id": "",
            "engagement_partner_name": "",
            "project_organization_id": 0,
            "project_organization_name": "",
            "tax_area_id": 300000000361817,
            "tax_area_name": "Thailand-TH",
            "expenditure_type_hr_id": "",
            "expenditure_type_hr_name": "",
            "time1_measure": 4,
            "time2_measure": 2,
            "time3_measure": 2,
            "time4_measure": 4,
            "time5_measure": 3,
            "time6_measure": 0,
            "time7_measure": 3,
            "time1_measure_uom": "",
            "time2_measure_uom": "",
            "time3_measure_uom": "",
            "time4_measure_uom": "",
            "time5_measure_uom": "",
            "time6_measure_uom": "",
            "time7_measure_uom": "",
            "time1_comments": "",
            "time2_comments": "",
            "time3_comments": "",
            "time4_comments": "",
            "time5_comments": "",
            "time6_comments": "",
            "time7_comments": "Test",
            "created_by": "",
            "creation_date": "",
            "last_updated_by": "",
            "last_updated_date": "",
            "last_updated_login": ""
        }
    ]
}