{
    "items": [
        {
            "flex_value_activity_id": "146288",
            "project_id": "300002899137232",
            "proj_activity_name": "Assessment"
        },
        {
            "flex_value_activity_id": "146294",
            "project_id": "300002899137232",
            "proj_activity_name": "Accountants reports"
        },
        {
            "flex_value_activity_id": "146302",
            "project_id": "300002899137232",
            "proj_activity_name": "Agreed upon procedures"
        },
        {
            "flex_value_activity_id": "146309",
            "project_id": "300002899137232",
            "proj_activity_name": "Consulting General"
        },
        {
            "flex_value_activity_id": "146314",
            "project_id": "300002899137232",
            "proj_activity_name": "Analysis & Reporting"
        },
        {
            "flex_value_activity_id": "146322",
            "project_id": "300002899137232",
            "proj_activity_name": "Client Acceptence,proposal,engagement"
        },
        {
            "flex_value_activity_id": "146378",
            "project_id": "300002899137232",
            "proj_activity_name": "Reporting"
        },
        {
            "flex_value_activity_id": "146382",
            "project_id": "300002899137232",
            "proj_activity_name": "Project Management"
        },
        {
            "flex_value_activity_id": "147353",
            "project_id": "300002899137232",
            "proj_activity_name": "Audit Support"
        },
        {
            "flex_value_activity_id": "147391",
            "project_id": "300002899137232",
            "proj_activity_name": "Fieldwork"
        },
        {
            "flex_value_activity_id": "147393",
            "project_id": "300002899137232",
            "proj_activity_name": "Meetings (specify in comments)"
        },
        {
            "flex_value_activity_id": "147402",
            "project_id": "300002899137232",
            "proj_activity_name": "Report Writing"
        }
    ],
    "hasMore": false,
    "limit": 100,
    "offset": 0,
    "count": 12,
    "links": [
        {
            "rel": "self",
            "href": "https://dc5iwixeofdxweu-devdb.adb.eu-frankfurt-1.oraclecloudapps.com/ords/ordspwc/OTL/GetProjectActivity?p_project_id=300002899137232&p_layout_id=4"
        },
        {
            "rel": "describedby",
            "href": "https://dc5iwixeofdxweu-devdb.adb.eu-frankfurt-1.oraclecloudapps.com/ords/ordspwc/metadata-catalog/OTL/item"
        },
        {
            "rel": "first",
            "href": "https://dc5iwixeofdxweu-devdb.adb.eu-frankfurt-1.oraclecloudapps.com/ords/ordspwc/OTL/GetProjectActivity?p_project_id=300002899137232&p_layout_id=4"
        }
    ]
}