{
    "items": [
        {
            "person_number": "06082019",
            "display_name": "PWC_APC_INTG, PWC_APC_INTG",
            "username": "PWC_APC_INTG",
            "person_id": "100000593980921",
            "organization_name": "PwC South Africa",
            "organization_id": "300000003163534"
        },
        {
            "person_number": "100966324",
            "display_name": "Gaurav Bhatt",
            "username": "gaurav.bhatt@pwc.com",
            "person_id": "100000842635426",
            "organization_name": "PwC South Africa",
            "organization_id": "300000003163534"
        },
        {
            "person_number": "19",
            "display_name": "PwC_EM_INTG, PwC_EM_INTG",
            "username": "PwC_EM_INTG",
            "person_id": "300000003772368",
            "organization_name": "PwC South Africa",
            "organization_id": "300000003163534"
        },
        {
            "person_number": "ADM002",
            "display_name": "Anna Surowiec-Tokarz",
            "username": "anna.surowiec-tokarz@admin.pwc.com",
            "person_id": "300000589897523",
            "organization_name": "PwC South Africa",
            "organization_id": "300000003163534"
        },
        {
            "person_number": "ADM005",
            "display_name": "Aleksandra Kąpielewska",
            "username": "aleksandra.kapielewska@admin.pwc.com",
            "person_id": "300000590376511",
            "organization_name": "PwC South Africa",
            "organization_id": "300000003163534"
        },
        {
            "person_number": "ADM007",
            "display_name": "Florin Nedelea",
            "username": "florin.nedelea@admin.pwc.com",
            "person_id": "300000591370028",
            "organization_name": "PwC South Africa",
            "organization_id": "300000003163534"
        },
        {
            "person_number": "ADM008",
            "display_name": "Andreea Petrus",
            "username": "andreea.petrus@admin.pwc.com",
            "person_id": "300000591394926",
            "organization_name": "PwC South Africa",
            "organization_id": "300000003163534"
        },
        {
            "person_number": "ADM009",
            "display_name": "Pencu, Cristina",
            "username": "cristina.pencu@admin.pwc.com",
            "person_id": "300000591516068",
            "organization_name": "PwC South Africa",
            "organization_id": "300000003163534"
        },
        {
            "person_number": "ADM010",
            "display_name": "Piekarek, Paweł",
            "username": "pawel.piekarek@admin.pwc.com",
            "person_id": "300000591597566",
            "organization_name": "PwC South Africa",
            "organization_id": "300000003163534"
        },
        {
            "person_number": "ADM012",
            "display_name": "Woch, Krzysztof",
            "username": "krzysztof.woch@admin.pwc.com",
            "person_id": "300000609911856",
            "organization_name": "PwC South Africa",
            "organization_id": "300000003163534"
        },
        {
            "person_number": "ADM014",
            "display_name": "Iwona Krasucka",
            "username": "iwona.krasucka@admin.pwc.com",
            "person_id": "300000611927760",
            "organization_name": "PwC South Africa",
            "organization_id": "300000003163534"
        },
        {
            "person_number": "ADM015",
            "display_name": "Lucretia Stoica",
            "username": "lucretia.stoica@admin.pwc.com",
            "person_id": "100000387191758",
            "organization_name": "PwC South Africa",
            "organization_id": "300000003163534"
        },
        {
            "person_number": "ADM016",
            "display_name": "Geetu Bangotra",
            "username": "geetu.bangotra@admin.pwc.com",
            "person_id": "100000479505920",
            "organization_name": "PwC South Africa",
            "organization_id": "300000003163534"
        },
        {
            "person_number": "ADM017",
            "display_name": "Paradowski, Pawel",
            "username": "pawel.paradowski@admin.pwc.com",
            "person_id": "100000508919121",
            "organization_name": "PwC South Africa",
            "organization_id": "300000003163534"
        },
        {
            "person_number": "ADM018",
            "display_name": "Aliyev, Vusal",
            "username": "vusal.aliyev@admin.pwc.com",
            "person_id": "100000577264457",
            "organization_name": "PwC South Africa",
            "organization_id": "300000003163534"
        },
        {
            "person_number": "ADM019",
            "display_name": "Marchewka, Marcel",
            "username": "marcel.marchewka@pwc.com",
            "person_id": "100000580098760",
            "organization_name": "PwC South Africa",
            "organization_id": "300000003163534"
        },
        {
            "person_number": "ADM020",
            "display_name": "Kateryna Jastrebowa",
            "username": "kateryna.jastrebowa@admin.pwc.com",
            "person_id": "100000608393073",
            "organization_name": "PwC South Africa",
            "organization_id": "300000003163534"
        },
        {
            "person_number": "ADM021",
            "display_name": "Pawel Kocon",
            "username": "pawel.kocon@admin.pwc.com",
            "person_id": "100000633204698",
            "organization_name": "PwC South Africa",
            "organization_id": "300000003163534"
        },
        {
            "person_number": "ADM022",
            "display_name": "Przemyslaw Chec",
            "username": "przemyslaw.chec@admin.pwc.com",
            "person_id": "100000633204718",
            "organization_name": "PwC South Africa",
            "organization_id": "300000003163534"
        },
        {
            "person_number": "ADM023",
            "display_name": "Bartlomiej Barylka",
            "username": "bartlomiej.barylka@admin.pwc.com",
            "person_id": "100000633204634",
            "organization_name": "PwC South Africa",
            "organization_id": "300000003163534"
        },
        {
            "person_number": "ADM024",
            "display_name": "Malgorzata Zebracka",
            "username": "malgosia.zebracka@admin.pwc.com",
            "person_id": "100000676277984",
            "organization_name": "PwC South Africa",
            "organization_id": "300000003163534"
        },
        {
            "person_number": "ADM025",
            "display_name": "Turalska, Agata",
            "username": "agata.turalska@admin.pwc.com",
            "person_id": "100000676277706",
            "organization_name": "PwC South Africa",
            "organization_id": "300000003163534"
        },
        {
            "person_number": "ADM026",
            "display_name": "Zarnowska-Ziobro, Paula",
            "username": "paula.zarnowska-ziobro@admin.pwc.com",
            "person_id": "100000715733463",
            "organization_name": "PwC South Africa",
            "organization_id": "300000003163534"
        },
        {
            "person_number": "ADM027",
            "display_name": "Dariusz Juziuk",
            "username": "dariusz.juziuk@admin.pwc.com",
            "person_id": "100000886997576",
            "organization_name": "PwC South Africa",
            "organization_id": "300000003163534"
        },
        {
            "person_number": "ADM029",
            "display_name": "Wojciech Krzyczkowski",
            "username": "wojciech.krzyczkowski@admin.pwc.com",
            "person_id": "100000920619142",
            "organization_name": "PwC South Africa",
            "organization_id": "300000003163534"
        },
        {
            "person_number": "ADM030",
            "display_name": "Grzegorz Biernacki",
            "username": "grzegorz.biernacki@admin.pwc.com",
            "person_id": "100000985950713",
            "organization_name": "PwC South Africa",
            "organization_id": "300000003163534"
        },
        {
            "person_number": "ADM031",
            "display_name": "Dagmara Kitkowska",
            "username": "dagmara.kitkowska@admin.pwc.com",
            "person_id": "100001023568316",
            "organization_name": "PwC South Africa",
            "organization_id": "300000003163534"
        },
        {
            "person_number": "ADM032",
            "display_name": "Fabiola Parasyn",
            "username": "fabiola.parasyn@admin.pwc.com",
            "person_id": "100001040385803",
            "organization_name": "PwC South Africa",
            "organization_id": "300000003163534"
        },
        {
            "person_number": "ADM033",
            "display_name": "Filip Lubecki",
            "username": "filip.lubecki@admin.pwc.com",
            "person_id": "100001051365290",
            "organization_name": "PwC South Africa",
            "organization_id": "300000003163534"
        },
        {
            "person_number": "ADM034",
            "display_name": "Malecki, Wojciech",
            "username": "wojciech.m.malecki@admin.pwc.com",
            "person_id": "100001141263279",
            "organization_name": "PwC South Africa",
            "organization_id": "300000003163534"
        },
        {
            "person_number": "ADM035",
            "display_name": "Tadeusz Banach",
            "username": "tadeusz.banach@admin.pwc.com",
            "person_id": "100001199002213",
            "organization_name": "PwC South Africa",
            "organization_id": "300000003163534"
        },
        {
            "person_number": "ADM036",
            "display_name": "Marcin Dlugokecki",
            "username": "marcin.dlugokecki@admin.pwc.com",
            "person_id": "100001388513974",
            "organization_name": "PwC South Africa",
            "organization_id": "300000003163534"
        },
        {
            "person_number": "ADM037",
            "display_name": "Daniel Tarnowski",
            "username": "daniel.tarnowski@admin.pwc.com",
            "person_id": "100001652567965",
            "organization_name": "PwC South Africa",
            "organization_id": "300000003163534"
        },
        {
            "person_number": "ADM038",
            "display_name": "Sylwia Palczowska",
            "username": "sylwia.palczowska@admin.pwc.com",
            "person_id": "100001652567966",
            "organization_name": "PwC South Africa",
            "organization_id": "300000003163534"
        },
        {
            "person_number": "ADM039",
            "display_name": "Kowalczyk, Robert",
            "username": "robert.k.kowalczyk@admin.pwc.com",
            "person_id": "100001652567967",
            "organization_name": "PwC South Africa",
            "organization_id": "300000003163534"
        },
        {
            "person_number": "ADM040",
            "display_name": "Rafał Kurowski",
            "username": "rafal.kurowski@admin.pwc.com",
            "person_id": "100001652567968",
            "organization_name": "PwC South Africa",
            "organization_id": "300000003163534"
        },
        {
            "person_number": "ADM041",
            "display_name": "Kaczmarek, Marcin",
            "username": "marcin.kaczmarek@admin.pwc.com",
            "person_id": "100001652567964",
            "organization_name": "PwC South Africa",
            "organization_id": "300000003163534"
        },
        {
            "person_number": "ADM042",
            "display_name": "Ciuksza, Sebastian",
            "username": "sebastian.ciuksza@admin.pwc.com",
            "person_id": "100001704612144",
            "organization_name": "PwC South Africa",
            "organization_id": "300000003163534"
        },
        {
            "person_number": "ADM043",
            "display_name": "Florian Vasile",
            "username": "florian.vasile@admin.pwc.com",
            "person_id": "100001735477173",
            "organization_name": "PwC South Africa",
            "organization_id": "300000003163534"
        },
        {
            "person_number": "ADM044",
            "display_name": "Konrad Sobotka",
            "username": "konrad.sobotka@admin.pwc.com",
            "person_id": "100001772603138",
            "organization_name": "PwC South Africa",
            "organization_id": "300000003163534"
        },
        {
            "person_number": "ADM045",
            "display_name": "Misztal, Aleksandra",
            "username": "aleksandra.misztal@admin.pwc.com",
            "person_id": "100001772603139",
            "organization_name": "PwC South Africa",
            "organization_id": "300000003163534"
        },
        {
            "person_number": "ADM046",
            "display_name": "Babik, Malgorzata",
            "username": "malgorzata.babik@admin.pwc.com",
            "person_id": "100001772603140",
            "organization_name": "PwC South Africa",
            "organization_id": "300000003163534"
        },
        {
            "person_number": "ADM047",
            "display_name": "Lipska, Anna",
            "username": "anna.lipska@admin.pwc.com",
            "person_id": "100001949340190",
            "organization_name": "PwC South Africa",
            "organization_id": "300000003163534"
        },
        {
            "person_number": "ADM048",
            "display_name": "Priotosh Pal TPR",
            "username": "priotosh.pal.tpr@admin.pwc.com",
            "person_id": "300003885860342",
            "organization_name": "PwC South Africa",
            "organization_id": "300000003163534"
        },
        {
            "person_number": "ADM049",
            "display_name": "Beata Barylka",
            "username": "beata.barylka@admin.pwc.com",
            "person_id": "300004070295584",
            "organization_name": "PwC South Africa",
            "organization_id": "300000003163534"
        },
        {
            "person_number": "ADM050",
            "display_name": "Marcin Wozniak",
            "username": "marcin.wozniak@admin.pwc.com",
            "person_id": "300004070348423",
            "organization_name": "PwC South Africa",
            "organization_id": "300000003163534"
        },
        {
            "person_number": "ADM075",
            "display_name": "Chotomski, Maciej",
            "username": "maciej.chotomski@admin.pwc.com",
            "person_id": "100000501347008",
            "organization_name": "PwC South Africa",
            "organization_id": "300000003163534"
        },
        {
            "person_number": "ADM076",
            "display_name": "Rafal Drewniak",
            "username": "rafal.drewniak@admin.pwc.com",
            "person_id": "100000501352958",
            "organization_name": "PwC South Africa",
            "organization_id": "300000003163534"
        },
        {
            "person_number": "ADM077",
            "display_name": "Graczek, Lidia",
            "username": "lidia.graczek@admin.pwc.com",
            "person_id": "100000501351866",
            "organization_name": "PwC South Africa",
            "organization_id": "300000003163534"
        },
        {
            "person_number": "ADM078",
            "display_name": "Rafal, Emilian",
            "username": "emilian.rafal@admin.pwc.com",
            "person_id": "100000501352416",
            "organization_name": "PwC South Africa",
            "organization_id": "300000003163534"
        },
        {
            "person_number": "ADM201",
            "display_name": "Chakrabarti, Saptarshi",
            "username": "saptarshi.chakrabarti@admin.pwc.com",
            "person_id": "300000612163079",
            "organization_name": "PwC South Africa",
            "organization_id": "300000003163534"
        },
        {
            "person_number": "ADM202",
            "display_name": "D'Mello, Primus",
            "username": "primus.dmello@admin.pwc.com",
            "person_id": "300000612162984",
            "organization_name": "PwC South Africa",
            "organization_id": "300000003163534"
        },
        {
            "person_number": "ADM203",
            "display_name": "Kotha, Venu",
            "username": "venu.m.kotha@admin.pwc.com",
            "person_id": "300000612162875",
            "organization_name": "PwC South Africa",
            "organization_id": "300000003163534"
        },
        {
            "person_number": "ADM204",
            "display_name": "Cosmin Calin",
            "username": "cosmin.calin@admin.pwc.com",
            "person_id": "300000612140393",
            "organization_name": "PwC South Africa",
            "organization_id": "300000003163534"
        },
        {
            "person_number": "ADM205",
            "display_name": "Kenny  McPartland",
            "username": "kenny.mcpartland@admin.pwc.com",
            "person_id": "300000612090308",
            "organization_name": "PwC South Africa",
            "organization_id": "300000003163534"
        },
        {
            "person_number": "ADM206",
            "display_name": "Thomas Callaghan",
            "username": "thomas.callaghan@admin.pwc.com",
            "person_id": "300000612090223",
            "organization_name": "PwC South Africa",
            "organization_id": "300000003163534"
        },
        {
            "person_number": "ADM207",
            "display_name": "Li, Lindsay",
            "username": "lindsay.m.li@admin.pwc.com",
            "person_id": "300000612090138",
            "organization_name": "PwC South Africa",
            "organization_id": "300000003163534"
        },
        {
            "person_number": "ADM209",
            "display_name": "Ghosh, Amlan",
            "username": "ghosh.amlan@admin.pwc.com",
            "person_id": "300000612089968",
            "organization_name": "PwC South Africa",
            "organization_id": "300000003163534"
        },
        {
            "person_number": "ADM210",
            "display_name": "Flanagan, Mike",
            "username": "michael.flanagan@admin.pwc.com",
            "person_id": "300000612089883",
            "organization_name": "PwC South Africa",
            "organization_id": "300000003163534"
        },
        {
            "person_number": "ADM211",
            "display_name": "Ramanathan Krishnamoorthy",
            "username": "ramanathan.krishnamoorthy@admin.pwc.com",
            "person_id": "300000612089798",
            "organization_name": "PwC South Africa",
            "organization_id": "300000003163534"
        },
        {
            "person_number": "ADM214",
            "display_name": "Anil Mandava",
            "username": "anil.mandava@admin.pwc.com",
            "person_id": "100000393280850",
            "organization_name": "PwC South Africa",
            "organization_id": "300000003163534"
        },
        {
            "person_number": "ADM215",
            "display_name": "Souvik Chattopadhyay",
            "username": "souvik.chattopadhyay@admin.pwc.com",
            "person_id": "100000406685956",
            "organization_name": "PwC South Africa",
            "organization_id": "300000003163534"
        },
        {
            "person_number": "ADM218",
            "display_name": "Bhatter, Shubham",
            "username": "shubham.bhatter@admin.pwc.com",
            "person_id": "100000431563882",
            "organization_name": "PwC South Africa",
            "organization_id": "300000003163534"
        },
        {
            "person_number": "ADM219",
            "display_name": "Amlan Ghosh",
            "username": "ghosh.amlan1@admin.pwc.com",
            "person_id": "100000431563883",
            "organization_name": "PwC South Africa",
            "organization_id": "300000003163534"
        },
        {
            "person_number": "ADM220",
            "display_name": "Kartik Krishnan",
            "username": "kartik.krishnan@admin.pwc.com",
            "person_id": "100000431563885",
            "organization_name": "PwC South Africa",
            "organization_id": "300000003163534"
        },
        {
            "person_number": "ADM221",
            "display_name": "Gupta, Soumya",
            "username": "soumya.gupta@admin.pwc.com",
            "person_id": "100000431563879",
            "organization_name": "PwC South Africa",
            "organization_id": "300000003163534"
        },
        {
            "person_number": "ADM222",
            "display_name": "Singhal, Pratibha",
            "username": "pratibha.singhal@admin.pwc.com",
            "person_id": "100000431563880",
            "organization_name": "PwC South Africa",
            "organization_id": "300000003163534"
        },
        {
            "person_number": "ADM223",
            "display_name": "Manindra Kalsa",
            "username": "manindra.nath.kalsa@admin.pwc.com",
            "person_id": "100000431563886",
            "organization_name": "PwC South Africa",
            "organization_id": "300000003163534"
        },
        {
            "person_number": "ADM224",
            "display_name": "Sardar, Saumyadeep",
            "username": "saumyadeep.sardar@admin.pwc.com",
            "person_id": "100000431563887",
            "organization_name": "PwC South Africa",
            "organization_id": "300000003163534"
        },
        {
            "person_number": "ADM226",
            "display_name": "Mukesh Pal",
            "username": "mukesh.pal@admin.pwc.com",
            "person_id": "100000431563881",
            "organization_name": "PwC South Africa",
            "organization_id": "300000003163534"
        },
        {
            "person_number": "ADM227",
            "display_name": "Mitra, Angshuman",
            "username": "angshuman.mitra@admin.pwc.com",
            "person_id": "100000431563878",
            "organization_name": "PwC South Africa",
            "organization_id": "300000003163534"
        },
        {
            "person_number": "ADM228",
            "display_name": "Tirtha Haldar",
            "username": "tirtha.haldar@admin.pwc.com",
            "person_id": "100000445004103",
            "organization_name": "PwC South Africa",
            "organization_id": "300000003163534"
        },
        {
            "person_number": "ADM229",
            "display_name": "Pratik Das",
            "username": "pratik.das@admin.pwc.com",
            "person_id": "100000445004101",
            "organization_name": "PwC South Africa",
            "organization_id": "300000003163534"
        },
        {
            "person_number": "ADM230",
            "display_name": "Uma Thakur",
            "username": "umakant.thakur@admin.pwc.com",
            "person_id": "100000445004102",
            "organization_name": "PwC South Africa",
            "organization_id": "300000003163534"
        },
        {
            "person_number": "ADM231",
            "display_name": "Amit Acharya",
            "username": "wrong_amit.acharya@admin.pwc.com",
            "person_id": "100000448057858",
            "organization_name": "PwC South Africa",
            "organization_id": "300000003163534"
        },
        {
            "person_number": "ADM232",
            "display_name": "Sourav Kanta",
            "username": "sourav.kanta@admin.pwc.com",
            "person_id": "100000448057859",
            "organization_name": "PwC South Africa",
            "organization_id": "300000003163534"
        },
        {
            "person_number": "ADM233",
            "display_name": "Gautam, Palvi",
            "username": "palvi.gautam@admin.pwc.com",
            "person_id": "100000461761302",
            "organization_name": "PwC South Africa",
            "organization_id": "300000003163534"
        },
        {
            "person_number": "ADM234",
            "display_name": "Saha, Dorothi",
            "username": "dorothi.saha@admin.pwc.com",
            "person_id": "100000472117806",
            "organization_name": "PwC South Africa",
            "organization_id": "300000003163534"
        },
        {
            "person_number": "ADM235",
            "display_name": "Soumen Chowdhury",
            "username": "soumen.chowdhury@admin.pwc.com",
            "person_id": "100000472117807",
            "organization_name": "PwC South Africa",
            "organization_id": "300000003163534"
        },
        {
            "person_number": "ADM236",
            "display_name": "Vaibhav Jain",
            "username": "vaibhav.x.jain@admin.pwc.com",
            "person_id": "100000475932047",
            "organization_name": "PwC South Africa",
            "organization_id": "300000003163534"
        },
        {
            "person_number": "ADM240",
            "display_name": "Malini Hazarika",
            "username": "malini.hazarika@admin.pwc.com",
            "person_id": "100000512146044",
            "organization_name": "PwC South Africa",
            "organization_id": "300000003163534"
        },
        {
            "person_number": "ADM248",
            "display_name": "Mayouran, Nanthini",
            "username": "nanthini.mayouran@admin.pwc.com",
            "person_id": "100000515932173",
            "organization_name": "PwC South Africa",
            "organization_id": "300000003163534"
        },
        {
            "person_number": "ADM249",
            "display_name": "Kajetan Kaczmarek",
            "username": "kajetan.k.kaczmarek@admin.pwc.com",
            "person_id": "100000530102206",
            "organization_name": "PwC South Africa",
            "organization_id": "300000003163534"
        },
        {
            "person_number": "ADM251",
            "display_name": "Jan Olszaniecki",
            "username": "jan.olszaniecki@admin.pwc.com",
            "person_id": "100000543684954",
            "organization_name": "PwC South Africa",
            "organization_id": "300000003163534"
        },
        {
            "person_number": "ADM253",
            "display_name": "Kulik, Aleksander",
            "username": "aleksander.k.kulik@admin.pwc.com",
            "person_id": "100000544361755",
            "organization_name": "PwC South Africa",
            "organization_id": "300000003163534"
        },
        {
            "person_number": "ADM255",
            "display_name": "George Crudgington",
            "username": "george.crudgington@admin.pwc.com",
            "person_id": "100000564607541",
            "organization_name": "PwC South Africa",
            "organization_id": "300000003163534"
        },
        {
            "person_number": "ADM256",
            "display_name": "Nehring, Patryk",
            "username": "patryk.nehring@admin.pwc.com",
            "person_id": "100000553754383",
            "organization_name": "PwC South Africa",
            "organization_id": "300000003163534"
        },
        {
            "person_number": "ADM257",
            "display_name": "Chris Hill",
            "username": "christopher.x.hill@admin.pwc.com",
            "person_id": "100000564631107",
            "organization_name": "PwC South Africa",
            "organization_id": "300000003163534"
        },
        {
            "person_number": "ADM260",
            "display_name": "Amit Acharya",
            "username": "amit.acharya@admin.pwc.com",
            "person_id": "100000580298795",
            "organization_name": "PwC South Africa",
            "organization_id": "300000003163534"
        },
        {
            "person_number": "ADM262",
            "display_name": "Alfonso Moyo",
            "username": "Alfonso.moyo@admin.pwc.com",
            "person_id": "100000647622508",
            "organization_name": "PwC South Africa",
            "organization_id": "300000003163534"
        },
        {
            "person_number": "ADM266",
            "display_name": "Vargas, Sandy",
            "username": "sandy.vargas@admin.pwc.com",
            "person_id": "100000731734924",
            "organization_name": "PwC South Africa",
            "organization_id": "300000003163534"
        },
        {
            "person_number": "ADM267",
            "display_name": "Orquera, Ana Lucia",
            "username": "ana.lucia.orquera@admin.pwc.com",
            "person_id": "100000731735483",
            "organization_name": "PwC South Africa",
            "organization_id": "300000003163534"
        },
        {
            "person_number": "ADM268",
            "display_name": "Arce, Yanina",
            "username": "yanina.arce@admin.pwc.com",
            "person_id": "100000731738378",
            "organization_name": "PwC South Africa",
            "organization_id": "300000003163534"
        },
        {
            "person_number": "ADM269",
            "display_name": "Veronica Garcia",
            "username": "garcia.v@admin.pwc.com",
            "person_id": "100000731739398",
            "organization_name": "PwC South Africa",
            "organization_id": "300000003163534"
        },
        {
            "person_number": "ADM270",
            "display_name": "Irvin Amesquita",
            "username": "irvin.amesquita@admin.pwc.com",
            "person_id": "100000737231826",
            "organization_name": "PwC South Africa",
            "organization_id": "300000003163534"
        },
        {
            "person_number": "ADM271",
            "display_name": "Kevin Mori",
            "username": "kevin.mori@admin.pwc.com",
            "person_id": "100000737231944",
            "organization_name": "PwC South Africa",
            "organization_id": "300000003163534"
        },
        {
            "person_number": "ADM272",
            "display_name": "Darwin Haya",
            "username": "darwin.haya@admin.pwc.com",
            "person_id": "100000737232155",
            "organization_name": "PwC South Africa",
            "organization_id": "300000003163534"
        },
        {
            "person_number": "ADM280",
            "display_name": "Anuradha Kumar",
            "username": "anuradha.kumar@admin.pwc.com",
            "person_id": "100001055283027",
            "organization_name": "PwC South Africa",
            "organization_id": "300000003163534"
        },
        {
            "person_number": "ADM281",
            "display_name": "Tapaskar, Dinesh",
            "username": "dinesh.tapaskar@admin.pwc.com",
            "person_id": "100000977894774",
            "organization_name": "PwC South Africa",
            "organization_id": "300000003163534"
        },
        {
            "person_number": "ADM282",
            "display_name": "Shilpa, Kota Venkata",
            "username": "kota.v.shilpa@admin.pwc.com",
            "person_id": "100001059659987",
            "organization_name": "PwC South Africa",
            "organization_id": "300000003163534"
        }
    ],
    "hasMore": true,
    "limit": 100,
    "offset": 0,
    "count": 100,
    "links": [
        {
            "rel": "self",
            "href": "https://dc5iwixeofdxweu-devdb.adb.eu-frankfurt-1.oraclecloudapps.com/ords/ordspwc/OTL/GetEmployees?userName=agata.turalska%40admin.pwc.com"
        },
        {
            "rel": "describedby",
            "href": "https://dc5iwixeofdxweu-devdb.adb.eu-frankfurt-1.oraclecloudapps.com/ords/ordspwc/metadata-catalog/OTL/item"
        },
        {
            "rel": "first",
            "href": "https://dc5iwixeofdxweu-devdb.adb.eu-frankfurt-1.oraclecloudapps.com/ords/ordspwc/OTL/GetEmployees?userName=agata.turalska%40admin.pwc.com"
        },
        {
            "rel": "next",
            "href": "https://dc5iwixeofdxweu-devdb.adb.eu-frankfurt-1.oraclecloudapps.com/ords/ordspwc/OTL/GetEmployees?userName=agata.turalska%40admin.pwc.com&offset=100"
        }
    ]
}