{
  "root": "switchSearchMenuBtnSelectedValue",
  "description": "",
  "actions": {

    "switchSearchMenuBtnSelectedValue": {
      "module": "vb/action/builtin/switchAction",
      "parameters": {
        "caseValue": "[[ $page.variables.searchMenuBtnSelectedValue ]]",
        "possibleValues": [
          "All",
          "Project Name",
          "Project Number"          ,
          "Task Name"          ,
          "Task Number"          ,
          "Client Name"          ,
          "Engagement Partner"          ,
          "Engagement Manager"          ,
          "Project Organization"
        ]
      },
      "outcomes": {
        "All": "assignVariablesSearchSDPInputParams2",
        "Project Name": "assignVariablesSearchSDPInputParams",
        "Project Number": "assignVariablesSearchSDPInputParams3",
        "Task Name": "assignVariablesSearchSDPInputParams4",
        "Task Number": "assignVariablesSearchSDPInputParams6",
        "Client Name": "assignVariablesSearchSDPInputParams5",
        "Engagement Partner": "assignVariablesSearchSDPInputParams7",
        "Engagement Manager": "assignVariablesSearchSDPInputParams8",
        "Project Organization": "assignVariablesSearchSDPInputParams9",
        "default": "return"
      }
    },
    "assignVariablesSearchSDPInputParams2": {
      "module": "vb/action/builtin/assignVariablesAction",
      "parameters": {
        "$page.variables.searchSDPInputParams": {
          "source": {
            "searchText": "{{ $page.variables.searchInput }}",
            "searchBy": "All"
          },
          "reset": "none",
          "auto": "always"
        }
      },
      "outcomes": {
        "success": "return"
      }
    },
    "assignVariablesSearchSDPInputParams": {
      "module": "vb/action/builtin/assignVariablesAction",
      "parameters": {
        "$page.variables.searchSDPInputParams": {
          "source": {
            "searchText": "{{ $page.variables.searchInput }}",
            "searchBy": "Project_name"
          },
          "reset": "none",
          "auto": "always"
        }
      },
      "outcomes": {
        "success": "return"
      }
    },
    "assignVariablesSearchSDPInputParams3": {
      "module": "vb/action/builtin/assignVariablesAction",
      "parameters": {
        "$page.variables.searchSDPInputParams": {
          "source": {
            "searchText": "{{ $page.variables.searchInput }}",
            "searchBy": "Project_number"
          },
          "reset": "none",
          "auto": "always"
        }
      },
      "outcomes": {
        "success": "return"
      }
    },
    "assignVariablesSearchSDPInputParams4": {
      "module": "vb/action/builtin/assignVariablesAction",
      "parameters": {
        "$page.variables.searchSDPInputParams": {
          "source": {
            "searchText": "{{ $page.variables.searchInput }}",
            "searchBy": "Task_name"
          },
          "reset": "none",
          "auto": "always"
        }
      },
      "outcomes": {
        "success": "return"
      }
    },
    "assignVariablesSearchSDPInputParams6": {
      "module": "vb/action/builtin/assignVariablesAction",
      "parameters": {
        "$page.variables.searchSDPInputParams": {
          "source": {
            "searchText": "{{ $page.variables.searchInput }}",
            "searchBy": "Task_number"
          },
          "reset": "none",
          "auto": "always"
        }
      },
      "outcomes": {
        "success": "return"
      }
    },
    "assignVariablesSearchSDPInputParams5": {
      "module": "vb/action/builtin/assignVariablesAction",
      "parameters": {
        "$page.variables.searchSDPInputParams": {
          "source": {
            "searchText": "{{ $page.variables.searchInput }}",
            "searchBy": "Client_name"
          },
          "reset": "none",
          "auto": "always"
        }
      },
      "outcomes": {
        "success": "return"
      }
    },
    "assignVariablesSearchSDPInputParams7": {
      "module": "vb/action/builtin/assignVariablesAction",
      "parameters": {
        "$page.variables.searchSDPInputParams": {
          "source": {
            "searchText": "{{ $page.variables.searchInput }}",
            "searchBy": "Partner"
          },
          "reset": "none",
          "auto": "always"
        }
      },
      "outcomes": {
        "success": "return"
      }
    },
    "assignVariablesSearchSDPInputParams8": {
      "module": "vb/action/builtin/assignVariablesAction",
      "parameters": {
        "$page.variables.searchSDPInputParams": {
          "source": {
            "searchText": "{{ $page.variables.searchInput }}",
            "searchBy": "Manager"
          },
          "reset": "none",
          "auto": "always"
        }
      },
      "outcomes": {
        "success": "return"
      }
    },
    "assignVariablesSearchSDPInputParams9": {
      "module": "vb/action/builtin/assignVariablesAction",
      "parameters": {
        "$page.variables.searchSDPInputParams": {
          "source": {
            "searchText": "{{ $page.variables.searchInput }}",
            "searchBy": "Project_Organization"
          },
          "reset": "none",
          "auto": "always"
        }
      },
      "outcomes": {
        "success": "return"
      }
    },
    "return": {
      "module": "vb/action/builtin/returnAction",
      "parameters": {
        "outcome": "success"
      }
    }
  }
}