{
  "root": "assignVariablesSelectedNavigationItem",
  "description": "",
  "actions": {

    "callFunctionHideLoader2": {
      "module": "vb/action/builtin/callModuleFunctionAction",
      "parameters": {
        "module": "[[ $application.functions ]]",
        "functionName": "hideLoader"
      },
      "outcomes": {
        "success": "callChainACSetSDPInputParams"
      }
    },
    "callChainACSetSDPInputParams": {
      "module": "vb/action/builtin/callChainAction",
      "parameters": {
        "id": "AC_Set_SDP_InputParams"
      }
    },
    "assignVariablesSelectedNavigationItem": {
      "module": "vb/action/builtin/assignVariablesAction",
      "parameters": {
        "$application.variables.selected_navigation_item": {
          "source": "create-timecard-start"
        }
      },
      "outcomes": {
        "success": "callFunctionHideLoader2"
      }
    }
  }
}