{
    "items": [
        {
            "geography_id": "100010039664497",
            "geography_name": "Caribbean Netherlands-BQ"
        },
        {
            "geography_id": "100010039664520",
            "geography_name": "Curacao-CW"
        },
        {
            "geography_id": "100010039664591",
            "geography_name": "Sint Maarten-SX"
        },
        {
            "geography_id": "300000000361175",
            "geography_name": "Andorra-AD"
        },
        {
            "geography_id": "300000000361178",
            "geography_name": "United Arab Emirates-AE"
        },
        {
            "geography_id": "300000000361181",
            "geography_name": "Afghanistan-AF"
        },
        {
            "geography_id": "300000000361184",
            "geography_name": "Antigua and Barbuda-AG"
        },
        {
            "geography_id": "300000000361187",
            "geography_name": "Anguilla-AI"
        },
        {
            "geography_id": "300000000361190",
            "geography_name": "Albania-AL"
        },
        {
            "geography_id": "300000000361193",
            "geography_name": "Armenia-AM"
        },
        {
            "geography_id": "300000000361196",
            "geography_name": "Netherlands Antilles-AN"
        },
        {
            "geography_id": "300000000361199",
            "geography_name": "Angola-AO"
        },
        {
            "geography_id": "300000000361202",
            "geography_name": "Antarctica-AQ"
        },
        {
            "geography_id": "300000000361205",
            "geography_name": "Argentina-AR"
        },
        {
            "geography_id": "300000000361208",
            "geography_name": "American Samoa-AS"
        },
        {
            "geography_id": "300000000361211",
            "geography_name": "Austria-AT"
        },
        {
            "geography_id": "300000000361214",
            "geography_name": "Australia-AU"
        },
        {
            "geography_id": "300000000361217",
            "geography_name": "Aruba-AW"
        },
        {
            "geography_id": "300000000361220",
            "geography_name": "Aland Islands-AX"
        },
        {
            "geography_id": "300000000361223",
            "geography_name": "Azerbaijan-AZ"
        },
        {
            "geography_id": "300000000361226",
            "geography_name": "Bosnia and Herzegovina-BA"
        },
        {
            "geography_id": "300000000361229",
            "geography_name": "Barbados-BB"
        },
        {
            "geography_id": "300000000361232",
            "geography_name": "Bangladesh-BD"
        },
        {
            "geography_id": "300000000361235",
            "geography_name": "Belgium-BE"
        },
        {
            "geography_id": "300000000361238",
            "geography_name": "Burkina Faso-BF"
        },
        {
            "geography_id": "300000000361241",
            "geography_name": "Bulgaria-BG"
        },
        {
            "geography_id": "300000000361244",
            "geography_name": "Bahrain-BH"
        },
        {
            "geography_id": "300000000361247",
            "geography_name": "Burundi-BI"
        },
        {
            "geography_id": "300000000361250",
            "geography_name": "Benin-BJ"
        },
        {
            "geography_id": "300000000361253",
            "geography_name": "Saint Barthelemy-BL"
        },
        {
            "geography_id": "300000000361256",
            "geography_name": "Bermuda-BM"
        },
        {
            "geography_id": "300000000361259",
            "geography_name": "Brunei Darussalam-BN"
        },
        {
            "geography_id": "300000000361262",
            "geography_name": "Bolivia-BO"
        },
        {
            "geography_id": "300000000361265",
            "geography_name": "Brazil-BR"
        },
        {
            "geography_id": "300000000361268",
            "geography_name": "Bahamas-BS"
        },
        {
            "geography_id": "300000000361271",
            "geography_name": "Bhutan-BT"
        },
        {
            "geography_id": "300000000361274",
            "geography_name": "Bouvet Island-BV"
        },
        {
            "geography_id": "300000000361277",
            "geography_name": "Botswana-BW"
        },
        {
            "geography_id": "300000000361280",
            "geography_name": "Belarus-BY"
        },
        {
            "geography_id": "300000000361283",
            "geography_name": "Belize-BZ"
        },
        {
            "geography_id": "300000000361286",
            "geography_name": "Canada-CA"
        },
        {
            "geography_id": "300000000361289",
            "geography_name": "Cocos (Keeling) Islands-CC"
        },
        {
            "geography_id": "300000000361292",
            "geography_name": "Congo, The Democratic Republic of the-CD"
        },
        {
            "geography_id": "300000000361295",
            "geography_name": "Central African Republic-CF"
        },
        {
            "geography_id": "300000000361298",
            "geography_name": "Congo-CG"
        },
        {
            "geography_id": "300000000361301",
            "geography_name": "Switzerland-CH"
        },
        {
            "geography_id": "300000000361304",
            "geography_name": "Cote d'Ivoire-CI"
        },
        {
            "geography_id": "300000000361307",
            "geography_name": "Cook Islands-CK"
        },
        {
            "geography_id": "300000000361310",
            "geography_name": "Chile-CL"
        },
        {
            "geography_id": "300000000361313",
            "geography_name": "Cameroon-CM"
        },
        {
            "geography_id": "300000000361316",
            "geography_name": "China-CN"
        },
        {
            "geography_id": "300000000361319",
            "geography_name": "Colombia-CO"
        },
        {
            "geography_id": "300000000361322",
            "geography_name": "Costa Rica-CR"
        },
        {
            "geography_id": "300000000361325",
            "geography_name": "Cuba-CU"
        },
        {
            "geography_id": "300000000361328",
            "geography_name": "Cabo Verde-CV"
        },
        {
            "geography_id": "300000000361331",
            "geography_name": "Christmas Island-CX"
        },
        {
            "geography_id": "300000000361334",
            "geography_name": "Cyprus-CY"
        },
        {
            "geography_id": "300000000361337",
            "geography_name": "Czech Republic-CZ"
        },
        {
            "geography_id": "300000000361340",
            "geography_name": "Germany-DE"
        },
        {
            "geography_id": "300000000361343",
            "geography_name": "Djibouti-DJ"
        },
        {
            "geography_id": "300000000361346",
            "geography_name": "Denmark-DK"
        },
        {
            "geography_id": "300000000361349",
            "geography_name": "Dominica-DM"
        },
        {
            "geography_id": "300000000361352",
            "geography_name": "Dominican Republic-DO"
        },
        {
            "geography_id": "300000000361355",
            "geography_name": "Algeria-DZ"
        },
        {
            "geography_id": "300000000361358",
            "geography_name": "Ecuador-EC"
        },
        {
            "geography_id": "300000000361361",
            "geography_name": "Estonia-EE"
        },
        {
            "geography_id": "300000000361364",
            "geography_name": "Egypt-EG"
        },
        {
            "geography_id": "300000000361367",
            "geography_name": "Western Sahara-EH"
        },
        {
            "geography_id": "300000000361370",
            "geography_name": "Eritrea-ER"
        },
        {
            "geography_id": "300000000361373",
            "geography_name": "Spain-ES"
        },
        {
            "geography_id": "300000000361376",
            "geography_name": "Ethiopia-ET"
        },
        {
            "geography_id": "300000000361379",
            "geography_name": "Finland-FI"
        },
        {
            "geography_id": "300000000361382",
            "geography_name": "Fiji-FJ"
        },
        {
            "geography_id": "300000000361385",
            "geography_name": "Falkland Islands (Malvinas)-FK"
        },
        {
            "geography_id": "300000000361388",
            "geography_name": "Micronesia, Federated States of-FM"
        },
        {
            "geography_id": "300000000361391",
            "geography_name": "Faroe Islands-FO"
        },
        {
            "geography_id": "300000000361394",
            "geography_name": "France-FR"
        },
        {
            "geography_id": "300000000361397",
            "geography_name": "Gabon-GA"
        },
        {
            "geography_id": "300000000361400",
            "geography_name": "United Kingdom-GB"
        },
        {
            "geography_id": "300000000361403",
            "geography_name": "Grenada-GD"
        },
        {
            "geography_id": "300000000361406",
            "geography_name": "Georgia-GE"
        },
        {
            "geography_id": "300000000361409",
            "geography_name": "French Guiana-GF"
        },
        {
            "geography_id": "300000000361412",
            "geography_name": "Guernsey-GG"
        },
        {
            "geography_id": "300000000361415",
            "geography_name": "Ghana-GH"
        },
        {
            "geography_id": "300000000361418",
            "geography_name": "Gibraltar-GI"
        },
        {
            "geography_id": "300000000361421",
            "geography_name": "Greenland-GL"
        },
        {
            "geography_id": "300000000361424",
            "geography_name": "Gambia-GM"
        },
        {
            "geography_id": "300000000361427",
            "geography_name": "Guinea-GN"
        },
        {
            "geography_id": "300000000361430",
            "geography_name": "Guadeloupe-GP"
        },
        {
            "geography_id": "300000000361433",
            "geography_name": "Equatorial Guinea-GQ"
        },
        {
            "geography_id": "300000000361436",
            "geography_name": "Greece-GR"
        },
        {
            "geography_id": "300000000361439",
            "geography_name": "South Georgia and the South Sandwich Islands-GS"
        },
        {
            "geography_id": "300000000361442",
            "geography_name": "Guatemala-GT"
        },
        {
            "geography_id": "300000000361445",
            "geography_name": "Guam-GU"
        },
        {
            "geography_id": "300000000361448",
            "geography_name": "Guinea-Bissau-GW"
        },
        {
            "geography_id": "300000000361451",
            "geography_name": "Guyana-GY"
        },
        {
            "geography_id": "300000000361454",
            "geography_name": "Hong Kong-HK"
        },
        {
            "geography_id": "300000000361457",
            "geography_name": "Heard Island and McDonald Islands-HM"
        },
        {
            "geography_id": "300000000361460",
            "geography_name": "Honduras-HN"
        },
        {
            "geography_id": "300000000361463",
            "geography_name": "Croatia-HR"
        }
    ],
    "hasMore": true,
    "limit": 100,
    "offset": 0,
    "count": 100,
    "links": [
        {
            "rel": "self",
            "href": "https://dc5iwixeofdxweu-devdb.adb.eu-frankfurt-1.oraclecloudapps.com/ords/ordspwc/OTL/GetTaxArea"
        },
        {
            "rel": "describedby",
            "href": "https://dc5iwixeofdxweu-devdb.adb.eu-frankfurt-1.oraclecloudapps.com/ords/ordspwc/metadata-catalog/OTL/item"
        },
        {
            "rel": "first",
            "href": "https://dc5iwixeofdxweu-devdb.adb.eu-frankfurt-1.oraclecloudapps.com/ords/ordspwc/OTL/GetTaxArea"
        },
        {
            "rel": "next",
            "href": "https://dc5iwixeofdxweu-devdb.adb.eu-frankfurt-1.oraclecloudapps.com/ords/ordspwc/OTL/GetTaxArea?offset=100"
        }
    ]
}