{
  "root": "assignVariablesSelectedNavigationItem",
  "description": "",
  "variables": {},
  "actions": {
    "fireNotification": {
      "module": "vb/action/builtin/fireNotificationEventAction",
      "parameters": {
        "target": "leaf",
        "summary": "[[ $chain.results.callRestGetFaqDetails.message.summary ]]",
        "type": "error",
        "displayMode": "persist"
      },
      "outcomes": {
        "success": "callFunctionHideLoader2"
      }
    },
    "callRestGetFaqDetails": {
      "module": "vb/action/builtin/restAction",
      "parameters": {
        "endpoint": "ords/getFaqDetails"
      },
      "outcomes": {
        "failure": "fireNotification",
        "success": "assignVariables"
      }
    },
    "assignVariables": {
      "module": "vb/action/builtin/assignVariablesAction",
      "parameters": {
        "$page.variables.faq_json": {
          "source": "{{ $chain.results.callRestGetFaqDetails.body }}",
          "auto": "always"
        }
      },
      "outcomes": {
        "success": "callFunctionCreateHrefTags"
      }
    },
    "callFunctionCreateHrefTags": {
      "module": "vb/action/builtin/callModuleFunctionAction",
      "parameters": {
        "module": "[[ $functions ]]",
        "functionName": "create_href_tags",
        "returnType": "string[]",
        "params": [
          "{{ $page.variables.faq_json }}"
        ]
      },
      "outcomes": {
        "success": "assignVariablesHrefTagsArray"
      }
    },
    "assignVariablesHrefTagsArray": {
      "module": "vb/action/builtin/assignVariablesAction",
      "parameters": {
        "$page.variables.href_tags_array": {
          "source": "{{ $chain.results.callFunctionCreateHrefTags }}"
        }
      },
      "outcomes": {
        "success": "callFunctionHideLoader"
      }
    },
    "assignVariablesSelectedNavigationItem": {
      "module": "vb/action/builtin/assignVariablesAction",
      "parameters": {
        "$application.variables.selected_navigation_item": {
          "source": "faq-start"
        }
      },
      "outcomes": {
        "success": "callRestGetFaqDetails"
      }
    },
    "callFunctionHideLoader": {
      "module": "vb/action/builtin/callModuleFunctionAction",
      "parameters": {
        "module": "[[ $application.functions ]]",
        "functionName": "hideLoader"
      }
    },
    "callFunctionHideLoader2": {
      "module": "vb/action/builtin/callModuleFunctionAction",
      "parameters": {
        "module": "[[ $application.functions ]]",
        "functionName": "hideLoader"
      }
    }
  }
}