{
  "processInline": "Y",
  "processMode": "TIME_SUBMIT",
  "timeRecordEvent": [
    {
      "timeRecordId": "",
      "timeRecordVersion": "",
      "startTime": "2021-12-20T13:00:00.000-05:00",
      "measure": "2",
      "reporterIdType": "PERSON",
      "reporterId": "100836169",
      "crudStatusValue": 0,
      "comment": "Test on 01062022",
      "operationType": "ADD",
      "timeRecordEventAttribute": [
        {
          "attributeName": "PJC_PROJECT_ID",
          "attributeValue": "300003145417846"
        },
        {
          "attributeName": "PJC_PROJECT_UNIT",
          "attributeValue": 300002838051513
        },
        {
          "attributeName": "PJC_TASK_ID",
          "attributeValue": "100002306349791"
        },
        {
          "attributeName": "PWC_OTL_COUNTRIES_TM_ATT",
          "attributeValue": "300000000361907"
        },
        {
          "attributeName": "PWC_OTL_ENGAGEMENT_PARTNER_ATT",
          "attributeValue": "Singh, Jagdev"
        },
        {
          "attributeName": "PWC_OTL_PROJ_ORG_ATT",
          "attributeValue": "MY TAX TP KUL"
        },
        {
          "attributeName": "PJC_EXPENDITURE_TYPE_ID",
          "attributeValue": "300000003340335"
        },
        {
          "attributeName": "PJC_EXPENDITURE_TYPE_NAME",
          "attributeValue": "300000003340335 - ST"
        },
        {
          "attributeName": "PJC_SYSTEM_LINKAGE_FUNCTION",
          "attributeValue": "ST"
        },
        {
          "attributeName": "PayrollTimeType",
          "attributeValue": "RS Reg Hours 03"
        }
      ]
    }
  ]
}