{
    "items": [
        {
            "layout_id": null,
            "time_entry_dtl_id": 130,
            "person_id": 100000324251147,
            "person_number": null,
            "assignment_number": null,
            "reporter_id": null,
            "start_date": "2022-01-10T00:00:00.000Z",
            "end_date": "2022-01-16T00:00:00.000Z",
            "time_card_period": "2022-01-10T00:00:00.000Z - 2022-01-16T00:00:00.000Z",
            "status": null,
            "comment_text": null,
            "object_version_number": null,
            "resubmission_reason": null,
            "resubmission_status": null,
            "project_id": 300000324656106,
            "project_name": "297120-NON - CSI: Skills for the Fu",
            "task_id": 0,
            "task_name": null,
            "project_activity_id": 0,
            "project_activity_name": null,
            "engagement_partner_id": 100000001030696,
            "engagement_partner_name": "Govender, Dayalan",
            "project_organization_id": 300000003212666,
            "project_organization_name": "ZA - ADV - Management Consulting",
            "tax_area_id": 300000000361907,
            "tax_area_name": "South Africa-ZA",
            "expenditure_type_hr_id": 0,
            "expenditure_type_hr_name": null,
            "time1_measure": 0,
            "time2_measure": 5,
            "time3_measure": 0,
            "time4_measure": 0,
            "time5_measure": 0,
            "time6_measure": 0,
            "time7_measure": 0,
            "time1_measure_uom": null,
            "time2_measure_uom": null,
            "time3_measure_uom": null,
            "time4_measure_uom": null,
            "time5_measure_uom": null,
            "time6_measure_uom": null,
            "time7_measure_uom": null,
            "time1_comments": null,
            "time2_comments": null,
            "time3_comments": null,
            "time4_comments": null,
            "time5_comments": null,
            "time6_comments": null,
            "time7_comments": null,
            "created_by": null,
            "creation_date": null,
            "last_updated_by": null,
            "last_updated_date": null,
            "last_updated_login": null,
            "attribute1": null,
            "attribute2": null,
            "attribute3": null,
            "attribute4": null,
            "attribute5": null,
            "attribute6": null,
            "attribute7": null,
            "attribute8": null,
            "attribute9": null,
            "attribute10": null
        },
        {
            "layout_id": null,
            "time_entry_dtl_id": 131,
            "person_id": 100000324251147,
            "person_number": null,
            "assignment_number": null,
            "reporter_id": null,
            "start_date": "2022-01-10T00:00:00.000Z",
            "end_date": "2022-01-16T00:00:00.000Z",
            "time_card_period": "2022-01-10T00:00:00.000Z - 2022-01-16T00:00:00.000Z",
            "status": null,
            "comment_text": null,
            "object_version_number": null,
            "resubmission_reason": null,
            "resubmission_status": null,
            "project_id": 300000091166107,
            "project_name": "275644-ZA_0603_Mombasa Gas Terminal",
            "task_id": 0,
            "task_name": null,
            "project_activity_id": 0,
            "project_activity_name": null,
            "engagement_partner_id": 100000001447995,
            "engagement_partner_name": "Schutte, Johan",
            "project_organization_id": 300000003212726,
            "project_organization_name": "ZA - ADV - Corporate Finance",
            "tax_area_id": 300000000361907,
            "tax_area_name": "South Africa-ZA",
            "expenditure_type_hr_id": 0,
            "expenditure_type_hr_name": null,
            "time1_measure": 4,
            "time2_measure": 0,
            "time3_measure": 5,
            "time4_measure": 0,
            "time5_measure": 0,
            "time6_measure": 0,
            "time7_measure": 0,
            "time1_measure_uom": null,
            "time2_measure_uom": null,
            "time3_measure_uom": null,
            "time4_measure_uom": null,
            "time5_measure_uom": null,
            "time6_measure_uom": null,
            "time7_measure_uom": null,
            "time1_comments": null,
            "time2_comments": null,
            "time3_comments": null,
            "time4_comments": "Hi",
            "time5_comments": null,
            "time6_comments": null,
            "time7_comments": null,
            "created_by": null,
            "creation_date": null,
            "last_updated_by": null,
            "last_updated_date": null,
            "last_updated_login": null,
            "attribute1": null,
            "attribute2": null,
            "attribute3": null,
            "attribute4": null,
            "attribute5": null,
            "attribute6": null,
            "attribute7": null,
            "attribute8": null,
            "attribute9": null,
            "attribute10": null
        }
    ],
    "hasMore": false,
    "limit": 100,
    "offset": 0,
    "count": 2,
    "links": [
        {
            "rel": "self",
            "href": "https://dc5iwixeofdxweu-devdb.adb.eu-frankfurt-1.oraclecloudapps.com/ords/ordspwc/OTL/TimeCardHistoryEdit?person_id=100000324251147&end_date=2022-01-16T00:00:00.000Z&start_date=2022-01-10T00:00:00.000Z"
        },
        {
            "rel": "describedby",
            "href": "https://dc5iwixeofdxweu-devdb.adb.eu-frankfurt-1.oraclecloudapps.com/ords/ordspwc/metadata-catalog/OTL/item"
        },
        {
            "rel": "first",
            "href": "https://dc5iwixeofdxweu-devdb.adb.eu-frankfurt-1.oraclecloudapps.com/ords/ordspwc/OTL/TimeCardHistoryEdit?person_id=100000324251147&end_date=2022-01-16T00:00:00.000Z&start_date=2022-01-10T00:00:00.000Z"
        }
    ]
}