{
  "description": "",
  "root": "callFunctionShowLoader",
  "actions": {
    "fireNotification": {
      "module": "vb/action/builtin/fireNotificationEventAction",
      "parameters": {
        "target": "leaf",
        "summary": "[[ $chain.results.callRestPostTimeEntryRecord.message.summary ]]",
        "type": "error",
        "displayMode": "persist"
      },
      "outcomes": {
        "success": "callFunctionHideLoader2"
      }
    },
    "callRestPostTimeEntryRecord": {
      "module": "vb/action/builtin/restAction",
      "parameters": {
        "endpoint": "ords/postTimeEntryRecord",
        "body": "{{ $page.variables.postTimeEntryData }}"
      },
      "outcomes": {
        "failure": "fireNotification",
        "success": "navigateToCreateTimecardStart"
      }
    },
    "assignVariablesPostTimeEntryData": {
      "module": "vb/action/builtin/assignVariablesAction",
      "parameters": {
        "$page.variables.postTimeEntryData": {
          "source": {
            "Items": "{{ $page.variables.selectedTimeEntryFromProjectResultSet.data }}"
          },
          "reset": "none",
          "auto": "always",
          "mapping": {
            "$target.Items": {
              "source": "$source.Items",
              "reset": "empty",
              "auto": "always",
              "mapping": {
                "$target.person_id": {
                  "source": "$application.variables.commonApplicationOrUserData.personId",
                  "reset": "none"
                },
                "$target.end_date": {
                  "source": "$application.variables.commonApplicationOrUserData.currentWeekEndDate",
                  "reset": "none"
                },
                "$target.start_date": {
                  "source": "$application.variables.commonApplicationOrUserData.currentWeekStartDate",
                  "reset": "none"
                },
                "$target.template_id": {
                  "source": "$application.variables.commonApplicationOrUserData.layoutId",
                  "reset": "none"
                }
              }
            }
          }
        }
      },
      "outcomes": {
        "success": "callRestPostTimeEntryRecord"
      }
    },
    "navigateToCreateTimecardStart": {
      "module": "vb/action/builtin/navigateAction",
      "parameters": {
        "page": "create-timecard-start"
      }
    },
    "callFunctionShowLoader": {
      "module": "vb/action/builtin/callModuleFunctionAction",
      "parameters": {
        "module": "[[ $application.functions ]]",
        "functionName": "showLoader"
      },
      "outcomes": {
        "success": "assignVariablesPostTimeEntryData"
      }
    },
    "callFunctionHideLoader2": {
      "module": "vb/action/builtin/callModuleFunctionAction",
      "parameters": {
        "module": "[[ $application.functions ]]",
        "functionName": "hideLoader"
      }
    }
  },
  "variables": {}
}