{
  "description": "",
  "root": "callFunctionIsValueAlreadyExists",
  "actions": {
    "callFunctionIsValueAlreadyExists": {
      "module": "vb/action/builtin/callModuleFunctionAction",
      "parameters": {
        "module": "[[ $functions ]]",
        "functionName": "isValueAlreadyExists",
        "params": [
          "{{ $page.variables.selectedTimeEntryFromProjectResultSet.data }}",
          "{{ $variables.key }}"
        ]
      },
      "outcomes": {
        "success": "if"
      }
    },
    "if": {
      "module": "vb/action/builtin/ifAction",
      "parameters": {
        "condition": "[[ $chain.results.callFunctionIsValueAlreadyExists ]]"
      },
      "outcomes": {
        "true": "fireDataProviderEventSelectedTimeEntryFromProjectResultSet",
        "false": "fireDataProviderEventSelectedTimeEntryFromProjectResultSet2"
      }
    },
    "fireDataProviderEventSelectedTimeEntryFromProjectResultSet": {
      "module": "vb/action/builtin/fireDataProviderEventAction",
      "parameters": {
        "target": "[[ $page.variables.selectedTimeEntryFromProjectResultSet ]]",
        "remove": {
          "keys": [
            "{{ $variables.key }}"
          ]
        }
      },
      "outcomes": {
        "success": "callFunctionLog"
      }
    },
    "fireDataProviderEventSelectedTimeEntryFromProjectResultSet2": {
      "module": "vb/action/builtin/fireDataProviderEventAction",
      "parameters": {
        "target": "[[ $page.variables.selectedTimeEntryFromProjectResultSet ]]",
        "add": {
          "data": "{{ $variables.current.row }}"
        }
      },
      "outcomes": {
        "success": "callFunctionLog"
      }
    },
    "callFunctionLog": {
      "module": "vb/action/builtin/callModuleFunctionAction",
      "parameters": {
        "module": "[[ $application.functions ]]",
        "functionName": "log",
        "params": [
          "{{ $page.variables.selectedTimeEntryFromProjectResultSet.data }}"
        ]
      }
    }
  },
  "variables": {
    "key": {
      "required": true,
      "type": "any",
      "input": "fromCaller"
    },
    "index": {
      "required": true,
      "type": "number",
      "input": "fromCaller"
    },
    "current": {
      "required": true,
      "type": "any",
      "input": "fromCaller"
    }
  }
}