{
  "description": "",
  "root": "callFunctionShowLoader",
  "actions": {
    "fireNotification": {
      "module": "vb/action/builtin/fireNotificationEventAction",
      "parameters": {
        "target": "leaf",
        "summary": "[[ $chain.results.callRestPostTimeCardTemplate.message.summary ]]",
        "type": "error",
        "displayMode": "persist"
      },
      "outcomes": {
        "success": "callComponentOjDialogAddTemplateClose2"
      }
    },
    "callRestPostTimeCardTemplate": {
      "module": "vb/action/builtin/restAction",
      "parameters": {
        "endpoint": "ords/postTimeCardTemplate",
        "body": "{{ $page.variables.postTimecardTemplate }}"
      },
      "outcomes": {
        "failure": "fireNotification",
        "success": "callComponentOjDialogAddTemplateClose"
      }
    },
    "assignVariablesPostTimecardTemplate": {
      "module": "vb/action/builtin/assignVariablesAction",
      "parameters": {
        "$page.variables.postTimecardTemplate": {
          "source": {
            "Items": "{{ $page.variables.timecardTableDataADP.data.filter((item) => item.time_entry_dtl_id !== -999999) }}"
          },
          "reset": "none",
          "auto": "always",
          "mapping": {
            "$target.Items": {
              "source": "$source.Items",
              "reset": "empty",
              "auto": "always",
              "mapping": {
                "$target.template_description": {
                  "source": "$page.variables.createTemplateObj.template_desc",
                  "reset": "none"
                },
                "$target.template_name": {
                  "source": "$page.variables.createTemplateObj.template_name",
                  "reset": "none"
                }
              }
            }
          }
        }
      },
      "outcomes": {
        "success": "callRestPostTimeCardTemplate"
      }
    },
    "callComponentOjDialogAddTemplateClose": {
      "module": "vb/action/builtin/callComponentMethodAction",
      "parameters": {
        "component": "{{ document.getElementById('oj-dialog--add-template') }}",
        "method": "close"
      },
      "outcomes": {
        "success": "callFunctionHideLoader"
      }
    },
    "callComponentOjDialogAddTemplateClose2": {
      "module": "vb/action/builtin/callComponentMethodAction",
      "parameters": {
        "component": "{{ document.getElementById('oj-dialog--add-template') }}",
        "method": "close"
      },
      "outcomes": {
        "success": "callFunctionHideLoader2"
      }
    },
    "callFunctionShowLoader": {
      "module": "vb/action/builtin/callModuleFunctionAction",
      "parameters": {
        "module": "[[ $application.functions ]]",
        "functionName": "showLoader"
      },
      "outcomes": {
        "success": "assignVariablesPostTimecardTemplate"
      }
    },
    "callFunctionHideLoader": {
      "module": "vb/action/builtin/callModuleFunctionAction",
      "parameters": {
        "module": "[[ $application.functions ]]",
        "functionName": "hideLoader"
      }
    },
    "callFunctionHideLoader2": {
      "module": "vb/action/builtin/callModuleFunctionAction",
      "parameters": {
        "module": "[[ $application.functions ]]",
        "functionName": "hideLoader"
      }
    }
  },
  "variables": {}
}