{
  "description": "",
  "root": "callComponentOjPopupProjectDetailsIsOpen",
  "actions": {
    "callComponentOjPopupProjectDetailsIsOpen": {
      "module": "vb/action/builtin/callComponentMethodAction",
      "parameters": {
        "component": "{{ document.getElementById('oj-popup-project-details') }}",
        "method": "isOpen"
      },
      "outcomes": {
        "success": "if"
      }
    },
    "if": {
      "module": "vb/action/builtin/ifAction",
      "parameters": {
        "condition": "[[ $chain.results.callComponentOjPopupProjectDetailsIsOpen ]]"
      },
      "outcomes": {
        "true": "if2",
        "false": "callRestGetGetProjectDetails2"
      }
    },
    "callComponentOjPopupProjectDetailsClose": {
      "module": "vb/action/builtin/callComponentMethodAction",
      "parameters": {
        "component": "{{ document.getElementById('oj-popup-project-details') }}",
        "method": "close"
      }
    },
    "callComponentOjPopupProjectDetailsOpen": {
      "module": "vb/action/builtin/callComponentMethodAction",
      "parameters": {
        "component": "{{ document.getElementById('oj-popup-project-details') }}",
        "method": "open"
      }
    },
    "callComponentOjPopupProjectDetailsClose2": {
      "module": "vb/action/builtin/callComponentMethodAction",
      "parameters": {
        "component": "{{ document.getElementById('oj-popup-project-details') }}",
        "method": "close"
      },
      "outcomes": {
        "success": "callComponentOjPopupProjectDetailsOpen2"
      }
    },
    "callComponentOjPopupProjectDetailsOpen2": {
      "module": "vb/action/builtin/callComponentMethodAction",
      "parameters": {
        "component": "{{ document.getElementById('oj-popup-project-details') }}",
        "method": "open"
      }
    },
    "if2": {
      "module": "vb/action/builtin/ifAction",
      "parameters": {
        "condition": "[[ $variables.current.row.project_id == $page.variables.commonProjectDetailsObj.project_id ]]"
      },
      "outcomes": {
        "true": "callComponentOjPopupProjectDetailsClose",
        "false": "callRestGetGetProjectDetails"
      }
    },
    "assignVariablesCommonProjectDetailsObj": {
      "module": "vb/action/builtin/assignVariablesAction",
      "parameters": {
        "$page.variables.commonProjectDetailsObj": {
          "source": "{{ $chain.results.callRestGetGetProjectDetails.body.items[0] }}",
          "auto": "always",
          "reset": "empty"
        }
      },
      "outcomes": {
        "success": "callComponentOjPopupProjectDetailsClose2"
      }
    },
    "callRestGetGetProjectDetails": {
      "module": "vb/action/builtin/restAction",
      "parameters": {
        "endpoint": "ords/getGetProjectDetails",
        "uriParams": {
          "projectId": "{{ $variables.current.row.project_id }}"
        }
      },
      "outcomes": {
        "success": "assignVariablesCommonProjectDetailsObj"
      }
    },
    "callRestGetGetProjectDetails2": {
      "module": "vb/action/builtin/restAction",
      "parameters": {
        "endpoint": "ords/getGetProjectDetails",
        "uriParams": {
          "projectId": "{{ $variables.current.row.project_id }}"
        }
      },
      "outcomes": {
        "success": "assignVariablesCommonProjectDetailsObj2"
      }
    },
    "assignVariablesCommonProjectDetailsObj2": {
      "module": "vb/action/builtin/assignVariablesAction",
      "parameters": {
        "$page.variables.commonProjectDetailsObj": {
          "source": "{{ $chain.results.callRestGetGetProjectDetails2.body.items[0] }}",
          "auto": "always"
        }
      },
      "outcomes": {
        "success": "callComponentOjPopupProjectDetailsOpen"
      }
    }
  },
  "variables": {
    "key": {
      "required": true,
      "type": "any",
      "input": "fromCaller"
    },
    "index": {
      "required": true,
      "type": "number",
      "input": "fromCaller"
    },
    "current": {
      "required": true,
      "type": "any",
      "input": "fromCaller"
    }
  }
}