{
  "description": "",
  "root": "callComponentOjPopupAddCommentIsOpen",
  "actions": {
    "if": {
      "module": "vb/action/builtin/ifAction",
      "parameters": {
        "condition": "[[ $chain.results.callComponentOjPopupAddCommentIsOpen ]]"
      },
      "outcomes": {
        "false": "callComponentOjPopupAddCommentOpen",
        "true": "if3"
      }
    },
    "callComponentOjPopupAddCommentIsOpen": {
      "module": "vb/action/builtin/callComponentMethodAction",
      "parameters": {
        "component": "{{ document.getElementById('oj-popup-add-comment') }}",
        "method": "isOpen"
      },
      "outcomes": {
        "success": "assignVariablesTimecardTableCurrentRowBuffer"
      }
    },
    "callComponentOjPopupAddCommentClose": {
      "module": "vb/action/builtin/callComponentMethodAction",
      "parameters": {
        "component": "{{ document.getElementById('oj-popup-add-comment') }}",
        "method": "close"
      },
      "outcomes": {
        "success": "return"
      }
    },
    "callComponentOjPopupAddCommentOpen": {
      "module": "vb/action/builtin/callComponentMethodAction",
      "parameters": {
        "component": "{{ document.getElementById('oj-popup-add-comment') }}",
        "method": "open"
      },
      "outcomes": {
        "success": "assignVariablescommonCommentObj"
      }
    },
    "if3": {
      "module": "vb/action/builtin/ifAction",
      "parameters": {
        "condition": "[[ $page.variables.commonCommentObj.day === $variables.btn_name ]]"
      },
      "outcomes": {
        "true": "callComponentOjPopupAddCommentClose",
        "false": "callComponentOjPopupAddCommentClose2"
      }
    },
    "callComponentOjPopupAddCommentClose2": {
      "module": "vb/action/builtin/callComponentMethodAction",
      "parameters": {
        "component": "{{ document.getElementById('oj-popup-add-comment') }}",
        "method": "close"
      },
      "outcomes": {
        "success": "callComponentOjPopupAddCommentOpen2"
      }
    },
    "callComponentOjPopupAddCommentOpen2": {
      "module": "vb/action/builtin/callComponentMethodAction",
      "parameters": {
        "component": "{{ document.getElementById('oj-popup-add-comment') }}",
        "method": "open"
      },
      "outcomes": {
        "success": "assignVariablescommonCommentObj"
      }
    },
    "assignVariablescommonCommentObj": {
      "module": "vb/action/builtin/assignVariablesAction",
      "parameters": {
        "$page.variables.commonCommentObj": {
          "source": {
            "day": "{{ $variables.btn_name }}"
          },
          "reset": "none",
          "auto": "always"
        }
      },
      "outcomes": {
        "success": "switchBtnName"
    }
    },
    "switchBtnName": {
      "module": "vb/action/builtin/switchAction",
      "parameters": {
        "caseValue": "[[ $variables.btn_name ]]",
        "possibleValues": [
          "time6",
          "time7",
          "time1",
          "time2",
          "time3",
          "time4",
          "time5"
        ]
      },
      "outcomes": {
        "time6": "assignVariablescommonCommentObj4",
        "time7": "assignVariablescommonCommentObj2",
        "time1": "assignVariablescommonCommentObj3",
        "time2": "assignVariablescommonCommentObj5",
        "time3": "assignVariablescommonCommentObj6",
        "time4": "assignVariablescommonCommentObj7",
        "time5": "assignVariablescommonCommentObj8",
        "default": "assignVariablesCurrentSelectedComment"
      }
    },
    "assignVariablescommonCommentObj4": {
      "module": "vb/action/builtin/assignVariablesAction",
      "parameters": {
        "$page.variables.commonCommentObj": {
          "source": {
            "comment": "{{ $variables.current.row.time6_comments }}"
          },
          "reset": "none",
          "auto": "always"
        }
      },
      "outcomes": {
        "success": "assignVariablesCurrentSelectedComment"
      }
    },
    "assignVariablescommonCommentObj2": {
      "module": "vb/action/builtin/assignVariablesAction",
      "parameters": {
        "$page.variables.commonCommentObj": {
          "source": {
            "comment": "{{ $variables.current.row.time7_comments }}"
          },
          "reset": "none",
          "auto": "always"
        }
      },
      "outcomes": {
        "success": "assignVariablesCurrentSelectedComment"
      }
    },
    "assignVariablescommonCommentObj3": {
      "module": "vb/action/builtin/assignVariablesAction",
      "parameters": {
        "$page.variables.commonCommentObj": {
          "source": {
            "comment": "{{ $variables.current.row.time1_comments }}"
          },
          "reset": "none",
          "auto": "always"
        }
      },
      "outcomes": {
        "success": "assignVariablesCurrentSelectedComment"
      }
    },
    "assignVariablescommonCommentObj5": {
      "module": "vb/action/builtin/assignVariablesAction",
      "parameters": {
        "$page.variables.commonCommentObj": {
          "source": {
            "comment": "{{ $variables.current.row.time2_comments }}"
          },
          "reset": "none",
          "auto": "always"
        }
      },
      "outcomes": {
        "success": "assignVariablesCurrentSelectedComment"
      }
    },
    "assignVariablescommonCommentObj6": {
      "module": "vb/action/builtin/assignVariablesAction",
      "parameters": {
        "$page.variables.commonCommentObj": {
          "source": {
            "comment": "{{ $variables.current.row.time3_comments }}"
          },
          "reset": "none",
          "auto": "always"
        }
      },
      "outcomes": {
        "success": "assignVariablesCurrentSelectedComment"
      }
    },
    "assignVariablescommonCommentObj7": {
      "module": "vb/action/builtin/assignVariablesAction",
      "parameters": {
        "$page.variables.commonCommentObj": {
          "source": {
            "comment": "{{ $variables.current.row.time4_comments }}"
          },
          "reset": "none",
          "auto": "always"
        }
      },
      "outcomes": {
        "success": "assignVariablesCurrentSelectedComment"
      }
    },
    "assignVariablescommonCommentObj8": {
      "module": "vb/action/builtin/assignVariablesAction",
      "parameters": {
        "$page.variables.commonCommentObj": {
          "source": {
            "comment": "{{ $variables.current.row.time5_comments }}"
          },
          "reset": "none",
          "auto": "always"
        }
      },
      "outcomes": {
        "success": "assignVariablesCurrentSelectedComment"
      }
    },
    "assignVariablesTimecardTableCurrentRowBuffer": {
      "module": "vb/action/builtin/assignVariablesAction",
      "parameters": {
        "$page.variables.timecardTableCurrentRowBuffer": {
          "source": "{{ $variables.current.row }}",
          "auto": "always"
        }
      },
      "outcomes": {
        "success": "if"
      }
    },
    "return": {
      "module": "vb/action/builtin/returnAction",
      "parameters": {
        "outcome": "success"
      }
    },
    "assignVariablesCurrentSelectedComment": {
      "module": "vb/action/builtin/assignVariablesAction",
      "parameters": {
        "$page.variables.current_selected_comment": {
          "source": "{{ $page.variables.commonCommentObj.comment }}"
        }
      }
    }
  },
  "variables": {
    "btn_name": {
      "type": "string",
      "input": "fromCaller"
    },
    "key": {
      "required": true,
      "type": "any",
      "input": "fromCaller"
    },
    "index": {
      "required": true,
      "type": "number",
      "input": "fromCaller"
    },
    "current": {
      "required": true,
      "type": "any",
      "input": "fromCaller"
    }
  }
}