{
  "description": "",
  "root": "callComponentOjDialogSelectProjectActivitesOpen",
  "actions": {
    "callComponentOjDialogSelectProjectActivitesOpen": {
      "module": "vb/action/builtin/callComponentMethodAction",
      "parameters": {
        "component": "{{ document.getElementById('oj-dialog-select-project-activites') }}",
        "method": "open"
      },
      "outcomes": {
        "success": "assignVariablesTimecardTableCurrentRowBuffer"
      }
    },
    "assignVariablesTimecardTableCurrentRowBuffer": {
      "module": "vb/action/builtin/assignVariablesAction",
      "parameters": {
        "$page.variables.timecardTableCurrentRowBuffer": {
          "source": "{{ $variables.current.row }}",
          "auto": "always",
          "reset": "empty"
        }
      }
    }
  },
  "variables": {
    "key": {
      "required": true,
      "type": "any",
      "input": "fromCaller"
    },
    "index": {
      "required": true,
      "type": "number",
      "input": "fromCaller"
    },
    "current": {
      "required": true,
      "type": "any",
      "input": "fromCaller"
    }
  }
}