{
  "description": "",
  "root": "ifChkboxSelected",
  "actions": {
    "fireNotification": {
      "module": "vb/action/builtin/fireNotificationEventAction",
      "parameters": {
        "target": "leaf",
        "summary": "[[ $chain.results.callRestPostTimeRecordEventRequests.message.summary ]]",
        "type": "error",
        "displayMode": "persist"
      }
    },
    "callRestPostTimeRecordEventRequests": {
      "module": "vb/action/builtin/restAction",
      "parameters": {
        "endpoint": "timeRecordEventRequests/postTimeRecordEventRequests",
        "body": "{{ $chain.results.callFunctionGenerateTimeRecordPayload }}"},
      "outcomes": {
        "failure": "fireNotification",
        "success": "fireNotification2"
      }
    },
    "fireNotification2": {
      "module": "vb/action/builtin/fireNotificationEventAction",
      "parameters": {
        "target": "leaf",
        "type": "info",
        "summary": "[[ $application.translations.app.fireNotification3_summary_c32f ]]"
      }
    },
    "ifChkboxSelected": {
      "module": "vb/action/builtin/ifAction",
      "parameters": {
        "condition": "[[ $page.variables.chkbox_selected ]]"
      },
      "outcomes": {
        "true": "callFunctionGenerateTimeRecordPayload",
        "false": "fireNotification3"
      }
    },
    "fireNotification3": {
      "module": "vb/action/builtin/fireNotificationEventAction",
      "parameters": {
        "target": "leaf",
        "summary": "Error!"
      }
    },
    "callFunctionGenerateTimeRecordPayload": {
      "module": "vb/action/builtin/callModuleFunctionAction",
      "parameters": {
        "module": "[[ $functions ]]",
        "functionName": "generateTimeRecordPayload",
        "params": [
          "{{ $page.variables.timecardTableDataADP.data }}"
        ]
      },
      "outcomes": {
        "success": "if"
      }
    },
    "if": {
      "module": "vb/action/builtin/ifAction",
      "parameters": {
        "condition": "false"
      },
      "outcomes": {
        "true": "callRestPostTimeRecordEventRequests"
      }
    }
  },
  "variables": {}
}