{
  "description": "",
  "root": "callRestDeleteTimeCardEntry",
  "actions": {
    "fireNotification": {
      "module": "vb/action/builtin/fireNotificationEventAction",
      "parameters": {
        "target": "leaf",
        "summary": "[[ $chain.results.callRestDeleteTimeCardEntry.message.summary ]]",
        "type": "error",
        "displayMode": "persist"
      }
    },
    "callRestDeleteTimeCardEntry": {
      "module": "vb/action/builtin/restAction",
      "parameters": {
        "endpoint": "ords/deleteTimeCardEntry",
        "uriParams": {
          "p_time_entry_dtl_id": "{{ $variables.key }}"
        }
      },
      "outcomes": {
        "failure": "fireNotification",
        "success": "if"
      }
    },
    "fireDataProviderEventTimecardTableDataADP": {
      "module": "vb/action/builtin/fireDataProviderEventAction",
      "parameters": {
        "target": "[[ $page.variables.timecardTableDataADP ]]",
        "remove": {
          "keys": [
            "{{ $variables.key }}"
          ]
        }
      },
      "outcomes": {
        "success": "callChainUpdateOrAddSummaryRowAtTable"
      }
    },
    "if": {
      "module": "vb/action/builtin/ifAction",
      "parameters": {
        "condition": "[[ $chain.results.callRestDeleteTimeCardEntry.body.statusCode === '200' ]]"
      },
      "outcomes": {
        "true": "fireDataProviderEventTimecardTableDataADP",
        "false": "fireNotification3"
      }
    },
    "fireNotification3": {
      "module": "vb/action/builtin/fireNotificationEventAction",
      "parameters": {
        "target": "leaf",
        "summary": "[[ $chain.results.callRestDeleteTimeCardEntry.body.message ]]"
      }
    },
    "callChainUpdateOrAddSummaryRowAtTable": {
      "module": "vb/action/builtin/callChainAction",
      "parameters": {
        "id": "UpdateOrAddSummaryRowAtTable"
      }
    }
  },
  "variables": {
    "key": {
      "required": true,
      "type": "any",
      "input": "fromCaller"
    },
    "index": {
      "required": true,
      "type": "number",
      "input": "fromCaller"
    },
    "current": {
      "required": true,
      "type": "any",
      "input": "fromCaller"
    }
  }
}