{
  "description": "",
  "root": "if",
  "actions": {
    "callComponentOjPopupAddCommentClose": {
      "module": "vb/action/builtin/callComponentMethodAction",
      "parameters": {
        "component": "{{ document.getElementById('oj-popup-add-comment') }}",
        "method": "close"
      },
      "outcomes": {
        "success": "resetVariablesTimecardTableCurrentRowBufferBkp"
      }
    },
    "switchcommonCommentObj": {
      "module": "vb/action/builtin/switchAction",
      "parameters": {
        "caseValue": "[[ $page.variables.commonCommentObj.day ]]",
        "possibleValues": [
          "time6",
          "time7",
          "time1",
          "time2",
          "time3",
          "time4",
          "time5"
        ]
      },
      "outcomes": {
        "time6": "assignVariablesTimecardTableCurrentRowBuffer",
        "time7": "assignVariablesTimecardTableCurrentRowBuffer3",
        "default": "fireDataProviderEventTimecardTableDataADP2",
        "time1": "assignVariablesTimecardTableCurrentRowBuffer2",
        "time2": "assignVariablesTimecardTableCurrentRowBuffer4",
        "time3": "assignVariablesTimecardTableCurrentRowBuffer5",
        "time4": "assignVariablesTimecardTableCurrentRowBuffer6",
        "time5": "assignVariablesTimecardTableCurrentRowBuffer7"
      }
    },
    "assignVariablesTimecardTableCurrentRowBuffer": {
      "module": "vb/action/builtin/assignVariablesAction",
      "parameters": {
        "$page.variables.timecardTableCurrentRowBuffer": {
          "source": {
            "time6_comments": "{{ $page.variables.commonCommentObj.comment }}"
          },
          "reset": "none",
          "auto": "always"
        }
      },
      "outcomes": {
        "success": "fireDataProviderEventTimecardTableDataADP2"
      }
    },
    "assignVariablesTimecardTableCurrentRowBuffer3": {
      "module": "vb/action/builtin/assignVariablesAction",
      "parameters": {
        "$page.variables.timecardTableCurrentRowBuffer": {
          "source": {
            "time7_comments": "{{ $page.variables.commonCommentObj.comment }}"
          },
          "reset": "none",
          "auto": "always"
        }
      },
      "outcomes": {
        "success": "fireDataProviderEventTimecardTableDataADP2"
      }
    },
    "fireDataProviderEventTimecardTableDataADP2": {
      "module": "vb/action/builtin/fireDataProviderEventAction",
      "parameters": {
        "target": "[[ $page.variables.timecardTableDataADP ]]",
        "update": {
          "data": "{{ $page.variables.timecardTableCurrentRowBuffer }}"
        }
      },
      "outcomes": {
        "success": "switchPageCalledFrom"
      }
    },
    "assignVariablesTimecardTableCurrentRowBuffer2": {
      "module": "vb/action/builtin/assignVariablesAction",
      "parameters": {
        "$page.variables.timecardTableCurrentRowBuffer": {
          "source": {
            "time1_comments": "{{ $page.variables.commonCommentObj.comment }}"
          },
          "reset": "none",
          "auto": "always"
        }
      },
      "outcomes": {
        "success": "fireDataProviderEventTimecardTableDataADP2"
      }
    },
    "assignVariablesTimecardTableCurrentRowBuffer4": {
      "module": "vb/action/builtin/assignVariablesAction",
      "parameters": {
        "$page.variables.timecardTableCurrentRowBuffer": {
          "source": {
            "time2_comments": "{{ $page.variables.commonCommentObj.comment }}"
          },
          "reset": "none",
          "auto": "always"
        }
      },
      "outcomes": {
        "success": "fireDataProviderEventTimecardTableDataADP2"
      }
    },
    "assignVariablesTimecardTableCurrentRowBuffer5": {
      "module": "vb/action/builtin/assignVariablesAction",
      "parameters": {
        "$page.variables.timecardTableCurrentRowBuffer": {
          "source": {
            "time3_comments": "{{ $page.variables.commonCommentObj.comment }}"
          },
          "reset": "none",
          "auto": "always"
        }
      },
      "outcomes": {
        "success": "fireDataProviderEventTimecardTableDataADP2"
      }
    },
    "assignVariablesTimecardTableCurrentRowBuffer6": {
      "module": "vb/action/builtin/assignVariablesAction",
      "parameters": {
        "$page.variables.timecardTableCurrentRowBuffer": {
          "source": {
            "time4_comments": "{{ $page.variables.commonCommentObj.comment }}"
          },
          "reset": "none",
          "auto": "always"
        }
      },
      "outcomes": {
        "success": "fireDataProviderEventTimecardTableDataADP2"
      }
    },
    "assignVariablesTimecardTableCurrentRowBuffer7": {
      "module": "vb/action/builtin/assignVariablesAction",
      "parameters": {
        "$page.variables.timecardTableCurrentRowBuffer": {
          "source": {
            "time5_comments": "{{ $page.variables.commonCommentObj.comment }}"
          },
          "reset": "none",
          "auto": "always"
        }
      },
      "outcomes": {
        "success": "fireDataProviderEventTimecardTableDataADP2"
      }
    },
    "fireNotification": {
      "module": "vb/action/builtin/fireNotificationEventAction",
      "parameters": {
        "target": "leaf",
        "summary": "[[ $chain.results.callRestPutTimeEntryRecord.message.summary ]]",
        "type": "error",
        "displayMode": "persist"
      }
    },
    "callRestPutTimeEntryRecord": {
      "module": "vb/action/builtin/restAction",
      "parameters": {
        "endpoint": "ords/putTimeEntryRecord",
        "uriParams": {
          "p_time_entry_id": "{{ $page.variables.timecardTableCurrentRowBuffer.time_entry_dtl_id }}"
        },
        "body": "{{ $page.variables.timecardTableCurrentRowBuffer }}"
      },
      "outcomes": {
        "failure": "fireDataProviderEventTimecardTableDataADP",
        "success": "if2"
      }
    },
    "assignVariablesTimecardTableCurrentRowBufferBkp": {
      "module": "vb/action/builtin/assignVariablesAction",
      "parameters": {
        "$page.variables.timecardTableCurrentRowBuffer_bkp": {
          "source": "{{ $page.variables.timecardTableCurrentRowBuffer }}",
          "auto": "always"
        }
      },
      "outcomes": {
        "success": "switchcommonCommentObj"
      }
    },
    "resetVariablesTimecardTableCurrentRowBufferBkp": {
      "module": "vb/action/builtin/resetVariablesAction",
      "parameters": {
        "variables": [
          "$page.variables.timecardTableCurrentRowBuffer_bkp"
        ]
      },
      "outcomes": {
        "success": "assignVariablesTimecardTableCurrentRowBufferBkp"
      }
    },
    "fireDataProviderEventTimecardTableDataADP": {
      "module": "vb/action/builtin/fireDataProviderEventAction",
      "parameters": {
        "target": "[[ $page.variables.timecardTableDataADP ]]",
        "update": {
          "data": "{{ $page.variables.timecardTableCurrentRowBuffer_bkp }}"
        }
      },
      "outcomes": {
        "success": "fireNotification"
      }
    },
    "if": {
      "module": "vb/action/builtin/ifAction",
      "parameters": {
        "condition": "[[ $page.variables.commonCommentObj.comment === $page.variables.current_selected_comment ]]"
      },
      "outcomes": {
        "false": "callComponentOjPopupAddCommentClose"
      }
    },
    "switchPageCalledFrom": {
      "module": "vb/action/builtin/switchAction",
      "parameters": {
        "caseValue": "[[ $page.variables.pageCalledFrom ]]",
        "possibleValues": [
          "START",
          "TEMPLATE"
        ]
      },
      "outcomes": {
        "START": "callRestPutTimeEntryRecord",
        "TEMPLATE": "callRestPutTimeCardTemplate"
      }
    },
    "fireNotification2": {
      "module": "vb/action/builtin/fireNotificationEventAction",
      "parameters": {
        "target": "leaf",
        "summary": "[[ $chain.results.callRestPutTimeCardTemplate.message.summary ]]",
        "type": "error",
        "displayMode": "persist"
      }
    },
    "callRestPutTimeCardTemplate": {
      "module": "vb/action/builtin/restAction",
      "parameters": {
        "endpoint": "ords/putTimeCardTemplate",
        "uriParams": {
          "p_time_entry_id": "{{ $page.variables.timecardTableCurrentRowBuffer.time_entry_dtl_id }}"
        },
        "body": "{{ $page.variables.timecardTableCurrentRowBuffer }}"
      },
      "outcomes": {
        "failure": "fireDataProviderEventTimecardTableDataADP3",
        "success": "if4"
      }
    },
    "fireDataProviderEventTimecardTableDataADP3": {
      "module": "vb/action/builtin/fireDataProviderEventAction",
      "parameters": {
        "target": "[[ $page.variables.timecardTableDataADP ]]",
        "update": {
          "data": "{{ $page.variables.timecardTableCurrentRowBuffer_bkp }}"
        }
      },
      "outcomes": {
        "success": "fireNotification2"
      }
    },
    "fireDataProviderEventTimecardTableDataADP4": {
      "module": "vb/action/builtin/fireDataProviderEventAction",
      "parameters": {
        "target": "[[ $page.variables.timecardTableDataADP ]]",
        "update": {
          "data": "{{ $page.variables.timecardTableCurrentRowBuffer_bkp }}"
        }
      },
      "outcomes": {
        "success": "fireNotification3"
      }
    },
    "if4": {
      "module": "vb/action/builtin/ifAction",
      "parameters": {
        "condition": "[[ $chain.results.callRestPutTimeCardTemplate.body.statusCode === '0' ]]"
      },
      "outcomes": {
        "false": "fireDataProviderEventTimecardTableDataADP5"
      }
    },
    "fireDataProviderEventTimecardTableDataADP5": {
      "module": "vb/action/builtin/fireDataProviderEventAction",
      "parameters": {
        "target": "[[ $page.variables.timecardTableDataADP ]]",
        "update": {
          "data": "{{ $page.variables.timecardTableCurrentRowBuffer_bkp }}"
        }
      },
      "outcomes": {
        "success": "fireNotification5"
      }
    },
    "fireNotification5": {
      "module": "vb/action/builtin/fireNotificationEventAction",
      "parameters": {
        "target": "leaf",
        "summary": "[[ $chain.results.callRestPutTimeCardTemplate.body.message ]]"
      }
    },
    "if2": {
      "module": "vb/action/builtin/ifAction",
      "parameters": {
        "condition": "[[ $chain.results.callRestPutTimeEntryRecord.body.x_status_code === '0' ]]"
      },
      "outcomes": {
        "false": "fireDataProviderEventTimecardTableDataADP4"
      }
    },
    "fireNotification3": {
      "module": "vb/action/builtin/fireNotificationEventAction",
      "parameters": {
        "target": "leaf",
        "summary": "[[ $chain.results.callRestPutTimeEntryRecord.body.x_message ]]"
      }
    }
  },
  "variables": {
    "value": {
      "type": "string",
      "input": "fromCaller"
    }
  }
}