{
  "description": "",
  "root": "callComponentOjDialogSelectLocationOpen",
  "actions": {
    "callComponentOjDialogSelectLocationOpen": {
      "module": "vb/action/builtin/callComponentMethodAction",
      "parameters": {
        "component": "{{ document.getElementById('oj-dialog-select-location') }}",
        "method": "open"
      },
      "outcomes": {
        "success": "resetVariablesTimecardTableCurrentRowBuffer"
      }
    },
    "resetVariablesTimecardTableCurrentRowBuffer": {
      "module": "vb/action/builtin/resetVariablesAction",
      "parameters": {
        "variables": [
          "$page.variables.timecardTableCurrentRowBuffer"
        ]
      },
      "outcomes": {
        "success": "assignVariablesTimecardTableCurrentRowBuffer"
      }
    },
    "assignVariablesTimecardTableCurrentRowBuffer": {
      "module": "vb/action/builtin/assignVariablesAction",
      "parameters": {
        "$page.variables.timecardTableCurrentRowBuffer": {
          "source": "{{ $variables.current.row }}",
          "auto": "always"
        }
      }
    }
  },
  "variables": {
    "key": {
      "required": true,
      "type": "any",
      "input": "fromCaller"
    },
    "index": {
      "required": true,
      "type": "number",
      "input": "fromCaller"
    },
    "current": {
      "required": true,
      "type": "any",
      "input": "fromCaller"
    }
  }
}