{
  "description": "",
  "root": "assignVariablesTimecardTableCurrentRowBuffer",
  "actions": {
    "assignVariablesTimecardTableCurrentRowBuffer": {
      "module": "vb/action/builtin/assignVariablesAction",
      "parameters": {
        "$page.variables.timecardTableCurrentRowBuffer": {
          "source": {
            "project_activity_id": "{{ $variables.current.row.flex_value_activity_id }}",
            "project_activity_name": "{{ $variables.current.row.proj_activity_name }}"
          },
          "reset": "none",
          "auto": "always"
        }
      },
      "outcomes": {
        "success": "switchPageCalledFrom"
      }
    },
    "switchPageCalledFrom": {
      "module": "vb/action/builtin/switchAction",
      "parameters": {
        "caseValue": "[[ $page.variables.pageCalledFrom ]]",
        "possibleValues": [
          "START",
          "TEMPLATE"
        ]
      },
      "outcomes": {
        "START": "callRestPutTimeEntryRecord",
        "TEMPLATE": "callRestPutTimeCardTemplate"
      }
    },
    "fireNotification": {
      "module": "vb/action/builtin/fireNotificationEventAction",
      "parameters": {
        "target": "leaf",
        "summary": "[[ $chain.results.callRestPutTimeEntryRecord.message.summary ]]",
        "type": "error",
        "displayMode": "persist"
      },
      "outcomes": {
        "success": "callComponentOjDialogSelectProjectActivitesClose2"
      }
    },
    "callRestPutTimeEntryRecord": {
      "module": "vb/action/builtin/restAction",
      "parameters": {
        "endpoint": "ords/putTimeEntryRecord",
        "uriParams": {
          "p_time_entry_id": "{{ $page.variables.timecardTableCurrentRowBuffer.time_entry_dtl_id }}"
        },
        "body": "{{ $page.variables.timecardTableCurrentRowBuffer }}"
      },
      "outcomes": {
        "failure": "fireNotification",
        "success": "if"
      }
    },
    "if": {
      "module": "vb/action/builtin/ifAction",
      "parameters": {
        "condition": "[[ $chain.results.callRestPutTimeEntryRecord.body.x_status_code === '0' ]]"
      },
      "outcomes": {
        "true": "fireDataProviderEventTimecardTableDataADP",
        "false": "fireNotification3"
      }
    },
    "fireDataProviderEventTimecardTableDataADP": {
      "module": "vb/action/builtin/fireDataProviderEventAction",
      "parameters": {
        "target": "[[ $page.variables.timecardTableDataADP ]]",
        "update": {
          "data": "{{ $page.variables.timecardTableCurrentRowBuffer }}"
        }
      },
      "outcomes": {
        "success": "callComponentOjDialogSelectProjectActivitesClose"
      }
    },
    "fireNotification3": {
      "module": "vb/action/builtin/fireNotificationEventAction",
      "parameters": {
        "target": "leaf",
        "summary": "[[ $chain.results.callRestPutTimeEntryRecord.body.x_message ]]"
      },
      "outcomes": {
        "success": "callComponentOjDialogSelectProjectActivitesClose"
      }
    },
    "callComponentOjDialogSelectProjectActivitesClose": {
      "module": "vb/action/builtin/callComponentMethodAction",
      "parameters": {
        "component": "{{ document.getElementById('oj-dialog-select-project-activites') }}",
        "method": "close"
      }
    },
    "callComponentOjDialogSelectProjectActivitesClose2": {
      "module": "vb/action/builtin/callComponentMethodAction",
      "parameters": {
        "component": "{{ document.getElementById('oj-dialog-select-project-activites') }}",
        "method": "close"
      }
    },
    "fireNotification2": {
      "module": "vb/action/builtin/fireNotificationEventAction",
      "parameters": {
        "target": "leaf",
        "summary": "[[ $chain.results.callRestPutTimeCardTemplate.message.summary ]]",
        "type": "error",
        "displayMode": "persist"
      },
      "outcomes": {
        "success": "callComponentOjDialogSelectProjectActivitesClose4"
      }
    },
    "callRestPutTimeCardTemplate": {
      "module": "vb/action/builtin/restAction",
      "parameters": {
        "endpoint": "ords/putTimeCardTemplate",
        "uriParams": {
          "p_time_entry_id": "{{ $page.variables.timecardTableCurrentRowBuffer.time_entry_dtl_id }}"
        },
        "body": "{{ $page.variables.timecardTableCurrentRowBuffer }}"
      },
      "outcomes": {
        "failure": "fireNotification2",
        "success": "if3"
      }
    },
    "if3": {
      "module": "vb/action/builtin/ifAction",
      "parameters": {
        "condition": "[[ $chain.results.callRestPutTimeCardTemplate.body.statusCode === '0' ]]"
      },
      "outcomes": {
        "true": "fireDataProviderEventTimecardTableDataADP2",
        "false": "fireNotification5"
      }
    },
    "fireDataProviderEventTimecardTableDataADP2": {
      "module": "vb/action/builtin/fireDataProviderEventAction",
      "parameters": {
        "target": "[[ $page.variables.timecardTableDataADP ]]",
        "update": {
          "data": "{{ $page.variables.timecardTableCurrentRowBuffer }}"
        }
      },
      "outcomes": {
        "success": "callComponentOjDialogSelectProjectActivitesClose3"
      }
    },
    "callComponentOjDialogSelectProjectActivitesClose3": {
      "module": "vb/action/builtin/callComponentMethodAction",
      "parameters": {
        "component": "{{ document.getElementById('oj-dialog-select-project-activites') }}",
        "method": "close"
      }
    },
    "fireNotification5": {
      "module": "vb/action/builtin/fireNotificationEventAction",
      "parameters": {
        "target": "leaf",
        "summary": "[[ $chain.results.callRestPutTimeCardTemplate.body.message ]]"
      },
      "outcomes": {
        "success": "callComponentOjDialogSelectProjectActivitesClose3"
      }
    },
    "callComponentOjDialogSelectProjectActivitesClose4": {
      "module": "vb/action/builtin/callComponentMethodAction",
      "parameters": {
        "component": "{{ document.getElementById('oj-dialog-select-project-activites') }}",
        "method": "close"
      }
    }
  },
  "variables": {
    "key": {
      "required": true,
      "type": "any",
      "input": "fromCaller"
    },
    "index": {
      "required": true,
      "type": "number",
      "input": "fromCaller"
    },
    "current": {
      "required": true,
      "type": "any",
      "input": "fromCaller"
    }
  }
}