{
  "description": "",
  "root": "resetVariablesTimecardTableCurrentRowBuffer",
  "actions": {
    "switchBtnName": {
      "module": "vb/action/builtin/switchAction",
      "parameters": {
        "caseValue": "[[ $variables.btn_name ]]",
        "possibleValues": [
          "time6",
          "time7",
          "time1"          ,
          "time2"          ,
          "time3"          ,
          "time4"          ,
          "time5"
        ]
      },
      "outcomes": {
        "time6": "assignVariablesTimecardTableCurrentRowBuffer3",
        "default": "fireDataProviderEventTimecardTableDataADP",
        "time7": "assignVariablesTimecardTableCurrentRowBuffer2",
        "time1": "assignVariablesTimecardTableCurrentRowBuffer4",
        "time2": "assignVariablesTimecardTableCurrentRowBuffer5",
        "time3": "assignVariablesTimecardTableCurrentRowBuffer6",
        "time4": "assignVariablesTimecardTableCurrentRowBuffer7",
        "time5": "assignVariablesTimecardTableCurrentRowBuffer8"
      }
    },
    "assignVariablesTimecardTableCurrentRowBuffer": {
      "module": "vb/action/builtin/assignVariablesAction",
      "parameters": {
        "$page.variables.timecardTableCurrentRowBuffer": {
          "source": "{{ $variables.current.row }}",
          "auto": "always"
        },
        "$page.variables.timecardTableCurrentRowBuffer_bkp": {
          "source": "{{ $variables.current.row }}",
          "auto": "always"
        }
      },
      "outcomes": {
        "success": "switchBtnName"
      }
    },
    "fireNotification": {
      "module": "vb/action/builtin/fireNotificationEventAction",
      "parameters": {
        "target": "leaf",
        "summary": "[[ $chain.results.callRestPutTimeEntryRecord.message.summary ]]",
        "type": "error",
        "displayMode": "persist"
      }
    },
    "assignVariablesTimecardTableCurrentRowBuffer3": {
      "module": "vb/action/builtin/assignVariablesAction",
      "parameters": {
        "$page.variables.timecardTableCurrentRowBuffer": {
          "source": {
            "time6_measure": "{{ $variables.value }}"
          },
          "reset": "none",
          "auto": "always"
        }
      },
      "outcomes": {
        "success": "fireDataProviderEventTimecardTableDataADP"
      }
    },
    "callRestPutTimeEntryRecord": {
      "module": "vb/action/builtin/restAction",
      "parameters": {
        "endpoint": "ords/putTimeEntryRecord",
        "uriParams": {
          "p_time_entry_id": "{{ $variables.key }}",
          "user_name": "{{ $application.variables.commonApplicationOrUserData.userName||'' }}"
        },
        "body": "{{ $page.variables.timecardTableCurrentRowBuffer }}"
      },
      "outcomes": {
        "failure": "fireDataProviderEventTimecardTableDataADP4",
        "success": "if"
      }
    },
    "resetVariablesTimecardTableCurrentRowBuffer": {
      "module": "vb/action/builtin/resetVariablesAction",
      "parameters": {
        "variables": [
          "$page.variables.timecardTableCurrentRowBuffer",
          "$page.variables.timecardTableCurrentRowBuffer_bkp"
        ]
      },
      "outcomes": {
        "success": "assignVariablesTimecardTableCurrentRowBuffer"
      }
    },
    "assignVariablesTimecardTableCurrentRowBuffer2": {
      "module": "vb/action/builtin/assignVariablesAction",
      "parameters": {
        "$page.variables.timecardTableCurrentRowBuffer": {
          "source": {
            "time7_measure": "{{ $variables.value }}"
          },
          "reset": "none",
          "auto": "always"
        }
      },
      "outcomes": {
        "success": "fireDataProviderEventTimecardTableDataADP"
      }
    },
    "assignVariablesTimecardTableCurrentRowBuffer4": {
      "module": "vb/action/builtin/assignVariablesAction",
      "parameters": {
        "$page.variables.timecardTableCurrentRowBuffer": {
          "source": {
            "time1_measure": "{{ $variables.value }}"
          },
          "reset": "none",
          "auto": "always"
        }
      },
      "outcomes": {
        "success": "fireDataProviderEventTimecardTableDataADP"
      }
    },
    "assignVariablesTimecardTableCurrentRowBuffer5": {
      "module": "vb/action/builtin/assignVariablesAction",
      "parameters": {
        "$page.variables.timecardTableCurrentRowBuffer": {
          "source": {
            "time2_measure": "{{ $variables.value }}"
          },
          "reset": "none",
          "auto": "always"
        }
      },
      "outcomes": {
        "success": "fireDataProviderEventTimecardTableDataADP"
      }
    },
    "assignVariablesTimecardTableCurrentRowBuffer6": {
      "module": "vb/action/builtin/assignVariablesAction",
      "parameters": {
        "$page.variables.timecardTableCurrentRowBuffer": {
          "source": {
            "time3_measure": "{{ $variables.value }}"
          },
          "reset": "none",
          "auto": "always"
        }
      },
      "outcomes": {
        "success": "fireDataProviderEventTimecardTableDataADP"
      }
    },
    "assignVariablesTimecardTableCurrentRowBuffer7": {
      "module": "vb/action/builtin/assignVariablesAction",
      "parameters": {
        "$page.variables.timecardTableCurrentRowBuffer": {
          "source": {
            "time4_measure": "{{ $variables.value }}"
          },
          "reset": "none",
          "auto": "always"
        }
      },
      "outcomes": {
        "success": "fireDataProviderEventTimecardTableDataADP"
      }
    },
    "assignVariablesTimecardTableCurrentRowBuffer8": {
      "module": "vb/action/builtin/assignVariablesAction",
      "parameters": {
        "$page.variables.timecardTableCurrentRowBuffer": {
          "source": {
            "time5_measure": "{{ $variables.value }}"
          },
          "reset": "none",
          "auto": "always"
        }
      },
      "outcomes": {
        "success": "fireDataProviderEventTimecardTableDataADP"
      }
    },
    "if": {
      "module": "vb/action/builtin/ifAction",
      "parameters": {
        "condition": "[[ $chain.results.callRestPutTimeEntryRecord.body.x_status_code === '0' ]]"
      },
      "outcomes": {

        "false": "fireDataProviderEventTimecardTableDataADP2"
      }
    },
    "fireDataProviderEventTimecardTableDataADP": {
      "module": "vb/action/builtin/fireDataProviderEventAction",
      "parameters": {
        "target": "[[ $page.variables.timecardTableDataADP ]]",
        "update": {
          "data": "{{ $page.variables.timecardTableCurrentRowBuffer }}"
        }
      },
      "outcomes": {
        "success": "callChainUpdateOrAddSummaryRowAtTable2"
      }
    },
    "fireNotification3": {
      "module": "vb/action/builtin/fireNotificationEventAction",
      "parameters": {
        "target": "leaf",
        "summary": "[[ $chain.results.callRestPutTimeEntryRecord.body.X_MESSAGE ]]"
      }
    },
    "fireDataProviderEventTimecardTableDataADP2": {
      "module": "vb/action/builtin/fireDataProviderEventAction",
      "parameters": {
        "target": "[[ $page.variables.timecardTableDataADP ]]",
        "update": {
          "data": "{{ $page.variables.timecardTableCurrentRowBuffer_bkp }}"
        }
      },
      "outcomes": {
        "success": "callChainUpdateOrAddSummaryRowAtTable"
      }
    },
    "callChainUpdateOrAddSummaryRowAtTable": {
      "module": "vb/action/builtin/callChainAction",
      "parameters": {
        "id": "UpdateOrAddSummaryRowAtTable"
      },
      "outcomes": {
        "success": "fireNotification3"
      }
    },
    "callChainUpdateOrAddSummaryRowAtTable2": {
      "module": "vb/action/builtin/callChainAction",
      "parameters": {
        "id": "UpdateOrAddSummaryRowAtTable"
      },
      "outcomes": {
        "success": "switchPageCalledFrom"
      }
    },
    "switchPageCalledFrom": {
      "module": "vb/action/builtin/switchAction",
      "parameters": {
        "caseValue": "[[ $page.variables.pageCalledFrom ]]",
        "possibleValues": [
          "START",
          "TEMPLATE"
        ]
      },
      "outcomes": {
        "START": "callRestPutTimeEntryRecord",
        "TEMPLATE": "callRestPutTimeCardTemplate"
      }
    },
    "fireNotification2": {
      "module": "vb/action/builtin/fireNotificationEventAction",
      "parameters": {
        "target": "leaf",
        "summary": "[[ $chain.results.callRestPutTimeCardTemplate.message.summary ]]",
        "type": "error",
        "displayMode": "persist"
      }
    },
    "callRestPutTimeCardTemplate": {
      "module": "vb/action/builtin/restAction",
      "parameters": {
        "endpoint": "ords/putTimeCardTemplate",
        "uriParams": {
          "p_time_entry_id": "{{ $variables.key }}"
        },
        "body": "{{ $page.variables.timecardTableCurrentRowBuffer }}"
      },
      "outcomes": {
        "failure": "fireDataProviderEventTimecardTableDataADP5",
        "success": "if3"
      }
    },
    "if3": {
      "module": "vb/action/builtin/ifAction",
      "parameters": {
        "condition": "[[ $chain.results.callRestPutTimeCardTemplate.body.statusCode === '0' ]]"
      },
      "outcomes": {
        "false": "fireDataProviderEventTimecardTableDataADP3"
      }
    },
    "fireDataProviderEventTimecardTableDataADP3": {
      "module": "vb/action/builtin/fireDataProviderEventAction",
      "parameters": {
        "target": "[[ $page.variables.timecardTableDataADP ]]",
        "update": {
          "data": "{{ $page.variables.timecardTableCurrentRowBuffer_bkp }}"
        }
      },
      "outcomes": {
        "success": "callChainUpdateOrAddSummaryRowAtTable3"
      }
    },
    "callChainUpdateOrAddSummaryRowAtTable3": {
      "module": "vb/action/builtin/callChainAction",
      "parameters": {
        "id": "UpdateOrAddSummaryRowAtTable"
      },
      "outcomes": {
        "success": "fireNotification5"
      }
    },
    "fireNotification5": {
      "module": "vb/action/builtin/fireNotificationEventAction",
      "parameters": {
        "target": "leaf",
        "summary": "[[ $chain.results.callRestPutTimeCardTemplate.body.message ]]"
      }
    },
    "fireDataProviderEventTimecardTableDataADP4": {
      "module": "vb/action/builtin/fireDataProviderEventAction",
      "parameters": {
        "target": "[[ $page.variables.timecardTableDataADP ]]",
        "update": {
          "data": "{{ $page.variables.timecardTableCurrentRowBuffer_bkp }}"
        }
      },
      "outcomes": {
        "success": "callChainUpdateOrAddSummaryRowAtTable4"
      }
    },
    "callChainUpdateOrAddSummaryRowAtTable4": {
      "module": "vb/action/builtin/callChainAction",
      "parameters": {
        "id": "UpdateOrAddSummaryRowAtTable"
      },
      "outcomes": {
        "success": "fireNotification"
      }
    },
    "fireDataProviderEventTimecardTableDataADP5": {
      "module": "vb/action/builtin/fireDataProviderEventAction",
      "parameters": {
        "target": "[[ $page.variables.timecardTableDataADP ]]",
        "update": {
          "data": "{{ $page.variables.timecardTableCurrentRowBuffer_bkp }}"
        }
      },
      "outcomes": {
        "success": "callChainUpdateOrAddSummaryRowAtTable5"
      }
    },
    "callChainUpdateOrAddSummaryRowAtTable5": {
      "module": "vb/action/builtin/callChainAction",
      "parameters": {
        "id": "UpdateOrAddSummaryRowAtTable"
      },
      "outcomes": {
        "success": "fireNotification2"
      }
    }
  },
  "variables": {
    "btn_name": {
      "type": "string",
      "input": "fromCaller"
    },
    "value": {
      "required": true,
      "type": "any",
      "input": "fromCaller"
    },
    "key": {
      "required": true,
      "type": "any",
      "input": "fromCaller"
    },
    "index": {
      "required": true,
      "type": "number",
      "input": "fromCaller"
    },
    "current": {
      "required": true,
      "type": "any",
      "input": "fromCaller"
    }
  }
}