{
  "root": "callFunctionShowLoader",
  "description": "",
  "variables": {},
  "actions": {
    "fireNotification": {
      "module": "vb/action/builtin/fireNotificationEventAction",
      "parameters": {
        "target": "leaf",
        "summary": "[[ $chain.results.callRestGetTimeEntryRecord.message.summary ]]",
        "type": "error",
        "displayMode": "persist"
      },
      "outcomes": {
        "success": "callFunctionHideLoader2"
      }
    },
    "callRestGetTimeEntryRecord": {
      "module": "vb/action/builtin/restAction",
      "parameters": {
        "endpoint": "ords/getTimeEntryRecord",
        "uriParams": {
          "p_end_date": "{{ $application.variables.commonApplicationOrUserData.currentWeekEndDate }}",
          "p_start_date": "{{ $application.variables.commonApplicationOrUserData.currentWeekStartDate }}",
          "p_person_id": "{{ $application.variables.commonApplicationOrUserData.personId }}"
        }
      },
      "outcomes": {
        "failure": "fireNotification",
        "success": "if"
      }
    },
    "assignVariablesTimecardTableDataADP": {
      "module": "vb/action/builtin/assignVariablesAction",
      "parameters": {
        "$page.variables.timecardTableDataADP": {
          "source": {
            "data": "{{ $chain.results.callRestGetTimeEntryRecord.body.Items }}"
          },
          "reset": "none",
          "auto": "always",
          "mapping": {
            "$target.data": {
              "source": "$source.data",
              "reset": "empty"
            }
          }
        }
      },
      "outcomes": {
        "success": "callChainUpdateOrAddSummaryRowAtTable"
      }
    },
    "switchPageCalledFrom": {
      "module": "vb/action/builtin/switchAction",
      "parameters": {
        "caseValue": "[[ $page.variables.pageCalledFrom ]]",
        "possibleValues": [
          "START",
          "HISTORY",
          "TEMPLATE"
        ]
      },
      "outcomes": {
        "START": "assignVariables",
        "HISTORY": "assignVariablesPageMetadataObj",
        "default": "callChainUpdateOrAddSummaryRowAtTable",
        "TEMPLATE": "callRestGetTimeCardTemplate"
      }
    },
    "assignVariables": {
      "module": "vb/action/builtin/assignVariablesAction",
      "parameters": {
        "$page.variables.pageMetadataObj": {
          "source": {
            "submitBtnName": "SUBMIT TIMECARD"
          },
          "reset": "none",
          "auto": "always"
        }
      },
      "outcomes": {
        "success": "callRestGetTimeEntryRecord"
      }
    },
    "assignVariablesPageMetadataObj": {
      "module": "vb/action/builtin/assignVariablesAction",
      "parameters": {
        "$page.variables.pageMetadataObj": {
          "source": {
            "submitBtnName": "RE-SUBMIT TIMECARD"
          },
          "reset": "none",
          "auto": "always"
        }
      },
      "outcomes": {
        "success": "callRestGetTimeCardHistoryEdit"
      }
    },
    "callChainUpdateOrAddSummaryRowAtTable": {
      "module": "vb/action/builtin/callChainAction",
      "parameters": {
        "id": "UpdateOrAddSummaryRowAtTable"
      },
      "outcomes": {
        "success": "callFunctionHideLoader"
      }
    },
    "callFunctionShowLoader": {
      "module": "vb/action/builtin/callModuleFunctionAction",
      "parameters": {
        "module": "[[ $application.functions ]]",
        "functionName": "showLoader"
      },
      "outcomes": {
        "success": "assignVariablesCurrentDate"
      }
    },
    "callFunctionHideLoader": {
      "module": "vb/action/builtin/callModuleFunctionAction",
      "parameters": {
        "module": "[[ $application.functions ]]",
        "functionName": "hideLoader"
      }
    },
    "callFunctionHideLoader2": {
      "module": "vb/action/builtin/callModuleFunctionAction",
      "parameters": {
        "module": "[[ $application.functions ]]",
        "functionName": "hideLoader"
      }
    },
    "assignVariablesCurrentDate": {
      "module": "vb/action/builtin/assignVariablesAction",
      "parameters": {
        "$page.variables.currentDate": {
          "source": "{{ $functions.getCurrentDate() }}"
        }
      },
      "outcomes": {
        "success": "switchPageCalledFrom"
      }
    },
    "fireNotification2": {
      "module": "vb/action/builtin/fireNotificationEventAction",
      "parameters": {
        "target": "leaf",
        "summary": "[[ $chain.results.callRestGetTimeCardHistoryEdit.message.summary ]]",
        "type": "error",
        "displayMode": "persist"
      },
      "outcomes": {
        "success": "callFunctionHideLoader3"
      }
    },
    "callFunctionHideLoader3": {
      "module": "vb/action/builtin/callModuleFunctionAction",
      "parameters": {
        "module": "[[ $application.functions ]]",
        "functionName": "hideLoader"
      }
    },
    "if": {
      "module": "vb/action/builtin/ifAction",
      "parameters": {
        "condition": "[[ $chain.results.callRestGetTimeEntryRecord.body.Items.length > 0 ]]"
      },
      "outcomes": {
        "true": "assignVariablesTimecardTableDataADP",
        "false": "callChainUpdateOrAddSummaryRowAtTable"
      }
    },
    "fireNotification3": {
      "module": "vb/action/builtin/fireNotificationEventAction",
      "parameters": {
        "target": "leaf",
        "summary": "[[ $chain.results.callRestGetTimeCardTemplate.message.summary ]]",
        "type": "error",
        "displayMode": "persist"
      }
    },
    "callRestGetTimeCardTemplate": {
      "module": "vb/action/builtin/restAction",
      "parameters": {
        "endpoint": "ords/getTimeCardTemplate",
        "uriParams": {
          "p_template_id": "{{ $page.variables.p_template_id }}"
        }
      },
      "outcomes": {
        "failure": "fireNotification3",
        "success": "assignVariablesTimecardTableDataADP2"
      }
    },
    "assignVariablesTimecardTableDataADP2": {
      "module": "vb/action/builtin/assignVariablesAction",
      "parameters": {
        "$page.variables.timecardTableDataADP": {
          "source": {
            "data": "{{ $chain.results.callRestGetTimeCardTemplate.body.Items }}"
          },
          "reset": "none",
          "auto": "always",
          "mapping": {
            "$target.data": {
              "source": "$source.data",
              "reset": "empty"
            }
          }
        }
      },
      "outcomes": {
        "success": "callChainUpdateOrAddSummaryRowAtTable"
      }
    },
    "callRestGetTimeCardHistoryEdit": {
      "module": "vb/action/builtin/restAction",
      "parameters": {
        "endpoint": "ords/getTimeCardHistoryEdit",
        "uriParams": {

          "person_id": "{{ $application.variables.commonApplicationOrUserData.personId }}",
          "start_date": "{{ $application.variables.commonApplicationOrUserData.currentWeekStartDate }}",
          "end_date": "{{ $application.variables.commonApplicationOrUserData.currentWeekEndDate }}"
        }
      },
      "outcomes": {
        "failure": "fireNotification2",
        "success": "assignVariablesTimecardTableDataADP3"
      }
    },
    "assignVariablesTimecardTableDataADP3": {
      "module": "vb/action/builtin/assignVariablesAction",
      "parameters": {
        "$page.variables.timecardTableDataADP": {
          "source": "{{ $chain.results.callRestGetTimeCardHistoryEdit.body.items }}",
          "auto": "always"
        }
      },
      "outcomes": {
        "success": "callChainUpdateOrAddSummaryRowAtTable"
      }
    }
  }
}