{
  "root": "ifTimecardTableDataADP",
  "description": "",
  "actions": {
    "callFunctionIsSummaryRowExists": {
      "module": "vb/action/builtin/callModuleFunctionAction",
      "parameters": {
        "module": "[[ $functions ]]",
        "functionName": "isSummaryRowExists",
        "params": [
          "{{ $page.variables.timecardTableDataADP.data }}"
        ]
      },
      "outcomes": {
        "success": "assignVariablesTotalTime"
      }
    },
    "if": {
      "module": "vb/action/builtin/ifAction",
      "parameters": {
        "condition": "[[ $chain.results.callFunctionIsSummaryRowExists ]]"
      },
      "outcomes": {
        "true": "fireDataProviderEventTimecardTableDataADP",
        "false": "fireDataProviderEventTimecardTableDataADP2"
      }
    },
    "callFunctionGetSummaryRow": {
      "module": "vb/action/builtin/callModuleFunctionAction",
      "parameters": {
        "module": "[[ $functions ]]",
        "functionName": "getSummaryRow",
        "params": [
          "{{ $page.variables.timecardTableDataADP.data }}"
        ]
      },
      "outcomes": {
        "success": "callFunctionIsSummaryRowExists"
      }
    },
    "fireDataProviderEventTimecardTableDataADP": {
      "module": "vb/action/builtin/fireDataProviderEventAction",
      "parameters": {
        "target": "[[ $page.variables.timecardTableDataADP ]]",
        "update": {
          "data": "{{ $chain.results.callFunctionGetSummaryRow.summary }}"
        }
      },
      "outcomes": {
        "success": "return"
      }
    },
    "fireDataProviderEventTimecardTableDataADP2": {
      "module": "vb/action/builtin/fireDataProviderEventAction",
      "parameters": {
        "target": "[[ $page.variables.timecardTableDataADP ]]",
        "add": {
          "data": "{{ $chain.results.callFunctionGetSummaryRow.summary }}"
        }
      },
      "outcomes": {
        "success": "return"
      }
    },
    "assignVariablesTotalTime": {
      "module": "vb/action/builtin/assignVariablesAction",
      "parameters": {
        "$page.variables.totalTime": {
          "source": "{{ $chain.results.callFunctionGetSummaryRow.totalTime }}"
        }
      },
      "outcomes": {
        "success": "if"
      }
    },
    "ifTimecardTableDataADP": {
      "module": "vb/action/builtin/ifAction",
      "parameters": {
        "condition": "[[ $page.variables.timecardTableDataADP.data.length > 0 ]]"
      },
      "outcomes": {
        "true": "callFunctionGetSummaryRow",
        "false": "return"
      }
    },
    "return": {
      "module": "vb/action/builtin/returnAction",
      "parameters": {
        "outcome": "success"
      }
    }
  }
}