{
  "title": "",
  "description": "",
  "variables": {
    "chkbox_selected": {
      "type": "boolean"
    },
    "commonCommentObj": {
      "type": {
        "comment": "string",
        "day": "string"
      }
    },
    "commonProjectDetailsObj": {
      "type": "getGetProjectDetails"    },
    "createTemplateObj": {
      "type": {
        "template_desc": "string",
        "template_name": "string"
      }
    },
    "createTimecard": {
      "type": "postTimeRecordEventRequests"
    },
    "current_selected_comment": {
      "type": "string"
    },
    "currentDate": {
      "type": "string"
    },
    "getGetProjectActivityListSDP": {
      "type": "vb/ServiceDataProvider",
      "defaultValue": {
        "endpoint": "ords/getGetProjectActivity",
        "keyAttributes": "flex_value_activity_id",
        "itemsPath": "items",
        "responseType": "getGetProjectActivityResponse",
        "uriParameters": {
          "p_project_id": "{{ $variables.timecardTableCurrentRowBuffer.project_id }}",
          "p_layout_id": "{{ $application.variables.commonApplicationOrUserData.layoutId }}"
        }
      }
    },
    "getGetProjTasksListSDP": {
      "type": "vb/ServiceDataProvider",
      "defaultValue": {
        "endpoint": "ords/getGetProjTasks",
        "keyAttributes": "task_id",
        "itemsPath": "items",
        "responseType": "getGetProjTasksResponse",
        "uriParameters": {
          "projectId": "{{ $variables.taskSdpInputProjectId }}"
        },
        "transformsContext": {
          "vb-textFilterAttributes": [
            "task_number"
          ]
        }
      }
    },
    "getGetTaxAreaListSDP": {
      "type": "vb/ServiceDataProvider",
      "defaultValue": {
        "endpoint": "ords/getGetTaxArea",
        "keyAttributes": "geography_id",
        "itemsPath": "items",
        "responseType": "getGetTaxAreaResponse",
        "uriParameters": {
          "findString": "{{ $variables.taxAreaLocationSearchString || '' }}"
        }
      }
    },
    "p_template_id": {
      "type": "string",
      "input": "fromCaller"
    },
    "pageCalledFrom": {
      "type": "string",
      "defaultValue": "START",
      "input": "fromCaller"
    },
    "pageMetadataObj": {
      "type": "pageMetadataType"
    },
    "postTimecardTemplate": {
      "type": "postTimeCardTemplate"
    },
    "taskSdpInputProjectId": {
      "type": "number"
    },
    "taxAreaLocationSearchString": {
      "type": "string"
    },
    "timecardTableCurrentRowBuffer": {
      "type": "timecardTableType"
    },
    "timecardTableCurrentRowBuffer_bkp": {
      "type": "timecardTableType"
    },
    "timecardTableDataADP": {
      "type": "vb/ArrayDataProvider2",
      "defaultValue": {

        "itemType": "timecardTableType",
        "keyAttributes": "time_entry_dtl_id"
      }
    },
    "totalTime": {
      "type": "string"
    }

  },
  "metadata": {
    "dynamicContainerMetadata": {
      "type": "vb/ContainerMetadataProviderDescriptor"
    }
  },
  "types": {
    "@decorators.getGetProjectActivityResponse": {
      "endpoint": "getGetProjectActivity",
      "service": "ords",
      "path": "response"
    },
    "@decorators.getGetProjectDetails": {
      "endpoint": "getGetProjectDetails",
      "service": "ords",
      "path": "response-_-items[0]"
    },
    "@decorators.getGetProjTasksResponse": {
      "endpoint": "getGetProjTasks",
      "service": "ords",
      "path": "response"
    },
    "@decorators.getGetTaxAreaResponse": {
      "endpoint": "getGetTaxArea",
      "service": "ords",
      "path": "response"
    },
    "@decorators.postTimeCardTemplate": {
      "endpoint": "postTimeCardTemplate",
      "service": "ords",
      "path": "request"
    },
    "@decorators.postTimeRecordEventRequests": {
      "endpoint": "postTimeRecordEventRequests",
      "service": "timeRecordEventRequests",
      "path": "request"
    },
    "@decorators.timecardTableType": {
      "endpoint": "getTimeEntryRecord",
      "service": "ords",
      "path": "response-_-Items[0]"
    },
    "getGetProjectActivityResponse": {
      "items": [
        {
          "flex_value_activity_id": "string",
          "proj_activity_name": "string",
          "project_id": "string"
        }
      ]
    },
    "getGetProjectDetails": {
      "actual_finish_date": "any",
      "actual_start_date": "any",
      "billing_manager_id": "string",
      "billing_manager_name": "string",
      "billing_partner_id": "string",
      "billing_partner_name": "string",
      "client_id": "any",
      "client_name": "any",
      "description": "string",
      "engagement_manager_id": "string",
      "engagement_manager_name": "string",
      "engagement_partner_id": "string",
      "engagement_partner_name": "string",
      "legal_entity_id": "string",
      "line_of_service": "any",
      "name": "string",
      "org_id": "string",
      "org_name": "string",
      "project_classification": "string",
      "project_classification_code": "string",
      "project_id": "string",
      "scheduled_finish_date": "string",
      "scheduled_start_date": "string"
    },
    "getGetProjTasksResponse": {
      "items": [
        {
          "project_name": "string",
          "task_id": "number",
          "task_name": "string",
          "task_number": "string"

        }
      ]
    },
    "getGetTaxAreaResponse": {
      "items": [
        {
          "geography_id": "string",
          "geography_name": "string"
        }
      ]
    },
    "postTimeCardTemplate": {
      "Items": [
        {
          "country_code": "string",
          "end_date": "string",
          "engagement_partner_id": "number",
          "engagement_partner_name": "string",
          "expenditure_type_hr_id": "number",
          "expenditure_type_hr_name": "string",
          "favourite_flag": "string",
          "month_no": "string",
          "person_id": "number",
          "project_activity_id": "string",
          "project_activity_name": "string",
          "project_id": "number",
          "project_name": "string",
          "project_organization_id": "number",
          "project_organization_name": "string",
          "start_date": "string",
          "state_code": "string",
          "status": "string",
          "task_id": "number",
          "task_name": "string",
          "tax_area_id": "number",
          "tax_area_name": "string",
          "template_description": "string",
          "template_id": "number",
          "template_name": "string",
          "time_entry_dtl_id": "number",
          "time1_comments": "string",
          "time1_measure": "number",
          "time1_measure_uom": "string",
          "time2_comments": "string",
          "time2_measure": "number",
          "time2_measure_uom": "string",
          "time3_comments": "string",
          "time3_measure": "number",
          "time3_measure_uom": "string",
          "time4_comments": "string",
          "time4_measure": "number",
          "time4_measure_uom": "string",
          "time5_comments": "string",
          "time5_measure": "number",
          "year": "string",
          "projecta_ctivity_name": "string"

        }
      ]
    },
    "postTimeRecordEventRequests": {
      "processInline": "string",
      "processMode": "string",
      "timeRecordEvent": [
        {
          "comment": "string",
          "crudStatusValue": "number",
          "measure": "string",
          "operationType": "string",
          "reporterId": "string",
          "reporterIdType": "string",
          "startTime": "string",
          "timeRecordEventAttribute": [
            {
              "attributeName": "string",
              "attributeValue": "object"
            }
          ],
          "timeRecordId": "string",
          "timeRecordVersion": "string"
        }
      ]
    },
    "timecardTableType": {
      "assignment_number": "string",
      "comment_text": "string",
      "created_by": "string",
      "creation_date": "string",
      "end_date": "string",
      "engagement_partner_id": "string",
      "engagement_partner_name": "string",
      "expenditure_type_hr_id": "string",
      "expenditure_type_hr_name": "string",
      "isTasksEditBtnClicked": "boolean",
      "last_updated_by": "string",
      "last_updated_date": "string",
      "last_updated_login": "string",
      "layout_id": "number",
      "object_version_number": "string",
      "payrolltimetype": "string",
      "person_id": "number",
      "person_number": "string",
      "pjc_project_unit": "string",
      "pjc_system_linkage_function": "string",
      "project_activity_id": "string",
      "project_activity_name": "string",
      "project_id": "number",
      "project_name": "string",
      "project_organization_id": "number",
      "project_organization_name": "string",
      "pwc_otl_countries_tm_att": "string",
      "pwc_otl_proj_org_att": "string",
      "reporter_id": "string",
      "resubmission_reason": "string",
      "start_date": "string",
      "status": "string",
      "task_id": "number",
      "task_name": "string",
      "tax_area_id": "number",
      "tax_area_name": "string",
      "time_card_period": "string",
      "time_entry_dtl_id": "number",
      "time1_comments": "string",
      "time1_measure": "number",
      "time1_measure_uom": "string",
      "time2_comments": "string",
      "time2_measure": "number",
      "time2_measure_uom": "string",
      "time3_comments": "string",
      "time3_measure": "number",
      "time3_measure_uom": "string",
      "time4_comments": "string",
      "time4_measure": "number",
      "time4_measure_uom": "string",
      "time5_comments": "string",
      "time5_measure": "number",
      "time5_measure_uom": "string",
      "time6_comments": "string",
      "time6_measure": "number",
      "time6_measure_uom": "string",
      "time7_comments": "string",
      "time7_measure": "number",
      "time7_measure_uom": "string"

    },
    "pageMetadataType": {
      "submitBtnName": "string",
      "weekDate": "string"
    },
    "timeRecordEventAttribute": [
      {
        "attributeName": "string",
        "attributeValue": "string"
      }
    ]

  },
  "eventListeners": {
    "addBtnSatOjAction": {
      "chains": [
        {
          "chainId": "BAC_Add_Comment",
          "parameters": {
            "btn_name": "time1",
            "current": "{{ $current }}",
            "index": "{{ $current.index }}",
            "key": "{{ $current.key }}"
          }
        }
      ]
    },
    "addBtnShowPjrDetailsOjAction": {
      "chains": [
        {
          "chainId": "BAC_Show_Project_Details",
          "parameters": {
            "key": "{{ $current.key }}",
            "index": "{{ $current.index }}",
            "current": "{{ $current }}"
          }
        }
      ]
    },
    "application:retriggerEnterTimecardVBEnter": {
      "chains": [
        {
          "chainId": "OnVBEnter",
          "parameters": {
            "event": "{{ $event }}"
          }
        }
      ]
    },
    "backButtonOjAction": {
      "chains": [
        {
          "chainId": "BackButton_ActionChain"
        }
      ]
    },
    "ojButtonOjAction": {
      "chains": [
        {
          "chainId": "BAC_Add_Comment",
          "parameters": {
            "btn_name": "time2",
            "current": "{{ $current }}",
            "index": "{{ $current.index }}",
            "key": "{{ $current.key }}"
          }
        }
      ]
    },
    "ojButtonOjAction10": {
      "chains": [
        {
          "chainId": "BAC_Edit_Location_Tax_Area",
          "parameters": {
            "key": "{{ $current.key }}",
            "index": "{{ $current.index }}",
            "current": "{{ $current }}"
          }
        }
      ]
    },
    "ojButtonOjAction11": {
      "chains": [
        {
          "chainId": "BAC_Select_TaxAreaLocation_From_Dialog",
          "parameters": {
            "key": "{{ $current.key }}",
            "index": "{{ $current.index }}",
            "current": "{{ $current }}"
          }
        }
      ]
    },
    "ojButtonOjAction12": {
      "chains": [
        {
          "chainId": "BAC_Delete_Timecard",
          "parameters": {
            "key": "{{ $current.key }}",
            "index": "{{ $current.index }}",
            "current": "{{ $current }}"
          }
        }
      ]
    },
    "ojButtonOjAction13": {
      "chains": [
        {
          "chainId": "BAC_Save_As_Template"
        }
      ]
    },
    "ojButtonOjAction14": {
      "chains": [
        {
          "chainId": "BAC_TimecardTemplate_Save"
        }
      ]
    },
    "ojButtonOjAction15": {
      "chains": [
        {
          "chainId": "BAC_Submit"
        }
      ]
    },
    "ojButtonOjAction16": {
      "chains": [
        {
          "chainId": "BAC_Edit_Project_Activites",
          "parameters": {
            "key": "{{ $current.key }}",
            "index": "{{ $current.index }}",
            "current": "{{ $current }}"
          }
        }
      ]
    },
    "ojButtonOjAction17": {
      "chains": [
        {
          "chainId": "BAC_Select_Project_Activities_From_Dialog",
          "parameters": {
            "key": "{{ $current.key }}",
            "index": "{{ $current.index }}",
            "current": "{{ $current }}"
          }
        }
      ]
    },
    "ojButtonOjAction18": {
      "chains": [
        {
          "chainId": "BAC_SubmitTimeCard_Dialog_Back"
        }
      ]
    },
    "ojButtonOjAction19": {
      "chains": [
        {
          "chainId": "BAC_ConfirmSubmit"
        }
      ]
    },
    "ojButtonOjAction2": {
      "chains": [
        {
          "chainId": "BAC_Add_Comment",
          "parameters": {
            "btn_name": "time3",
            "current": "{{ $current }}",
            "index": "{{ $current.index }}",
            "key": "{{ $current.key }}"
          }
        }
      ]
    },
    "ojButtonOjAction3": {
      "chains": [
        {
          "chainId": "BAC_Add_Comment",
          "parameters": {
            "btn_name": "time4",
            "current": "{{ $current }}",
            "index": "{{ $current.index }}",
            "key": "{{ $current.key }}"
          }
        }
      ]
    },
    "ojButtonOjAction4": {
      "chains": [
        {
          "chainId": "BAC_Add_Comment",
          "parameters": {
            "btn_name": "time5",
            "current": "{{ $current }}",
            "index": "{{ $current.index }}",
            "key": "{{ $current.key }}"
          }
        }
      ]
    },
    "ojButtonOjAction5": {
      "chains": [
        {
          "chainId": "BAC_Add_Comment",
          "parameters": {
            "btn_name": "time6",
            "current": "{{ $current }}",
            "index": "{{ $current.index }}",
            "key": "{{ $current.key }}"
          }
        }
      ]
    },
    "ojButtonOjAction6": {
      "chains": [
        {
          "chainId": "BAC_Add_Comment",
          "parameters": {
            "btn_name": "time7",
            "current": "{{ $current }}",
            "index": "{{ $current.index }}",
            "key": "{{ $current.key }}"
          }
        }
      ]
    },
    "ojButtonOjAction7": {
      "chains": [
        {
          "chainId": "BAC_Add_Comment_Popup_Submit"
        }
      ]
    },
    "ojButtonOjAction8": {
      "chains": [
        {
          "chainId": "BAC_Edit_Tasks",
          "parameters": {
            "key": "{{ $current.key }}",
            "index": "{{ $current.index }}",
            "current": "{{ $current }}"
          }
        }
      ]
    },
    "ojButtonOjAction9": {
      "chains": [
        {
          "chainId": "BAC_Select_Task_From_Dialog",
          "parameters": {
            "key": "{{ $current.key }}",
            "index": "{{ $current.index }}",
            "current": "{{ $current }}"
          }
        }
      ]
    },
    "ojInputTextRawValue": {
      "chains": [
        {
          "chainId": "InputTextRawValueChangeChain",
          "parameters": {
            "rawValue": "{{ $event.detail.value }}"
          }
        }
      ]
    },
    "ojInputTextValue": {
      "chains": [
        {
          "chainId": "ITVCC_Update_TimeCard",
          "parameters": {
            "value": "{{ $event.detail.value }}",
            "key": "{{ $current.key }}",
            "index": "{{ $current.index }}",
            "current": "{{ $current }}",
            "btn_name": "time1"
          }
        }
      ]
    },
    "ojInputTextValue2": {
      "chains": [
        {
          "chainId": "ITVCC_Update_TimeCard",
          "parameters": {
            "btn_name": "time2",
            "current": "{{ $current }}",
            "index": "{{ $current.index }}",
            "key": "{{ $current.key }}",
            "value": "{{ $event.detail.value }}"
          }
        }
      ]
    },
    "ojInputTextValue3": {
      "chains": [
        {
          "chainId": "ITVCC_Update_TimeCard",
          "parameters": {
            "btn_name": "time3",
            "current": "{{ $current }}",
            "index": "{{ $current.index }}",
            "key": "{{ $current.key }}",
            "value": "{{ $event.detail.value }}"
          }
        }
      ]
    },
    "ojInputTextValue4": {
      "chains": [
        {
          "chainId": "ITVCC_Update_TimeCard",
          "parameters": {
            "btn_name": "time4",
            "current": "{{ $current }}",
            "index": "{{ $current.index }}",
            "key": "{{ $current.key }}",
            "value": "{{ $event.detail.value }}"
          }
        }
      ]
    },
    "ojInputTextValue5": {
      "chains": [
        {
          "chainId": "ITVCC_Update_TimeCard",
          "parameters": {
            "btn_name": "time5",
            "current": "{{ $current }}",
            "index": "{{ $current.index }}",
            "key": "{{ $current.key }}",
            "value": "{{ $event.detail.value }}"
          }
        }
      ]
    },
    "ojInputTextValue6": {
      "chains": [
        {
          "chainId": "ITVCC_Update_TimeCard",
          "parameters": {
            "btn_name": "time6",
            "current": "{{ $current }}",
            "index": "{{ $current.index }}",
            "key": "{{ $current.key }}",
            "value": "{{ $event.detail.value }}"
          }
        }
      ]
    },
    "ojInputTextValue7": {
      "chains": [
        {
          "chainId": "ITVCC_Update_TimeCard",
          "parameters": {
            "btn_name": "time7",
            "current": "{{ $current }}",
            "index": "{{ $current.index }}",
            "key": "{{ $current.key }}",
            "value": "{{ $event.detail.value }}"
          }
        }
      ]
    },
    "ojTextAreaValue": {
      "chains": [
        {
          "chainId": "BAC_Add_Comment_Popup_Submit_value_change",
          "parameters": {
            "value": "{{ $event.detail.value }}"
          }
        }
      ]
    },
    "vbEnter": {
      "chains": [
        {
          "chainId": "OnVBEnter",
          "parameters": {}
        }
      ]
    }

  },
  "imports": {
    "components": {
      "oj-button": {
        "path": "ojs/ojbutton"
      },
      "oj-checkboxset": {
        "path": "ojs/ojcheckboxset"
      },
      "oj-dialog": {
        "path": "ojs/ojdialog"
      },
      "oj-highlight-text": {
        "path": "ojs/ojhighlighttext"
      },
      "oj-input-search": {
        "path": "ojs/ojinputsearch"
      },
      "oj-input-text": {
        "path": "ojs/ojinputtext"
      },
      "oj-label": {
        "path": "ojs/ojlabel"
      },
      "oj-list-item-layout": {
        "path": "ojs/ojlistitemlayout"
      },
      "oj-list-view": {
        "path": "ojs/ojlistview"
      },
      "oj-menu": {
        "path": "ojs/ojmenu"
      },
      "oj-menu-button": {
        "path": "ojs/ojbutton"
      },
      "oj-option": {
        "path": "ojs/ojoption"
      },
      "oj-popup": {
        "path": "ojs/ojpopup"
      },
      "oj-sample-checkbox-switch": {
        "path": "oj-sample/checkbox-switch/loader"
      },
      "oj-select-one": {
        "path": "ojs/ojselectcombobox"
      },
      "oj-select-single": {
        "path": "ojs/ojselectsingle"
      },
      "oj-table": {
        "path": "ojs/ojtable"
      },
      "oj-text-area": {
        "path": "ojs/ojinputtext"
      }

   },
    "modules": {
      "ojValidationNumber": {
        "path": "ojs/ojvalidation-number"
      }
    }
  },
  "layouts": {
    "containerLayout1": {
      "label": "Container Rule Set 1",
      "layoutType": "container",
      "layouts": {
        "case1": {
          "label": "Case 1",
          "layoutType": "container",
          "layout": {
            "sectionTemplateMap": {
              "section1": "template1"
            },
            "displayProperties": [
              "section1"
            ]
          }
        }
      },
      "rules": [
        "containerLayout1-rule1"
      ]
    },
    "containerLayout1-rule1": {
      "expression": "case1"
    }
  },
  "templates": {
    "template1": {
      "title": "Default Template",
      "extensible": "byReference",
      "@dt": {
        "type": "section",
        "layout": "containerLayout1"
      },
      "dependencies": []
    }
  }
}
