{
  "title": "",
  "description": "",
  "variables": {},
  "metadata": {},
  "types": {},
  "eventListeners": {
    "historyCalOjsCalendarRangeChange": {
      "chains": [
        {
          "chainId": "CalendarSCalendarRangeChangeChain"
        }
      ]
    },
    "vbEnter": {
      "chains": [
        {
          "chainId": "onCalPageLoad",
          "parameters": {}
        }
      ]
    }
  },
  "imports": {
    "components": {
      "oj-sample-calendar": {
        "path": "oj-sample/calendar/loader"
      }
    }
  }
}
