{
  "description": "",
  "root": "navigateToCreateTimecardEnterTime",
  "actions": {
    "navigateToCreateTimecardEnterTime": {
      "module": "vb/action/builtin/navigateAction",
      "@dt": {
        "targetType": "flow"
      },
      "parameters": {
        "target": "parent",
        "flow": "create-timecard-enter-time",
        "params": {
          "pageCalledFrom": "TEMPLATE",
          "p_template_id": "{{ $variables.key }}"
        }
      }
    }
  },
  "variables": {
    "key": {
      "required": true,
      "type": "any",
      "input": "fromCaller"
    },
    "index": {
      "required": true,
      "type": "number",
      "input": "fromCaller"
    },
    "current": {
      "required": true,
      "type": "any",
      "input": "fromCaller"
    }
  }
}