{
  "description": "",
  "root": "callFunctionShowLoader",
  "actions": {
    "callFunctionShowLoader": {
      "module": "vb/action/builtin/callModuleFunctionAction",
      "parameters": {
        "module": "[[ $application.functions ]]",
        "functionName": "showLoader"
      },
      "outcomes": {
        "success": "callRestGetTimeCardTemplate"
      }
    },
    "fireNotification": {
      "module": "vb/action/builtin/fireNotificationEventAction",
      "parameters": {
        "target": "leaf",
        "summary": "[[ $chain.results.callRestGetTimeCardTemplate.message.summary ]]",
        "type": "error",
        "displayMode": "persist"
      },
      "outcomes": {
        "success": "callFunctionHideLoader3"
      }
    },
    "callRestGetTimeCardTemplate": {
      "module": "vb/action/builtin/restAction",
      "parameters": {
        "endpoint": "ords/getTimeCardTemplate",
        "uriParams": {
          "p_template_id": "{{ $variables.key }}"
        }
      },
      "outcomes": {
        "failure": "fireNotification",
        "success": "if"
      }
    },
    "if": {
      "module": "vb/action/builtin/ifAction",
      "parameters": {
        "condition": "[[ $chain.results.callRestGetTimeCardTemplate.body.Items.length > 0 ]]"
      },
      "outcomes": {
        "true": "assignVariablesPostTimeEntryPayload",
        "false": "callFunctionHideLoader2"
      }
    },
    "fireNotification2": {
      "module": "vb/action/builtin/fireNotificationEventAction",
      "parameters": {
        "target": "leaf",
        "summary": "[[ $chain.results.callRestPostTimeEntryRecord.message.summary ]]",
        "type": "error",
        "displayMode": "persist"
      },
      "outcomes": {
        "success": "callFunctionHideLoader"
      }
    },
    "callRestPostTimeEntryRecord": {
      "module": "vb/action/builtin/restAction",
      "parameters": {
        "endpoint": "ords/postTimeEntryRecord",
        "body": "{{ $page.variables.postTimeEntryPayload }}"
      },
      "outcomes": {
        "failure": "fireNotification2",
        "success": "navigateToShell"
      }
    },
    "assignVariablesPostTimeEntryPayload": {
      "module": "vb/action/builtin/assignVariablesAction",
      "parameters": {
        "$page.variables.postTimeEntryPayload": {
          "source": {
            "Items": "{{ $chain.results.callRestGetTimeCardTemplate.body.Items }}"
          },
          "reset": "none",
          "auto": "always",
          "mapping": {
            "$target.Items": {
              "source": "$source.Items",
              "reset": "empty",
              "auto": "always",
              "mapping": {
                "$target.end_date": {
                  "source": "$application.variables.commonApplicationOrUserData.currentWeekEndDate",
                  "reset": "none"
                },
                "$target.start_date": {
                  "source": "$application.variables.commonApplicationOrUserData.currentWeekStartDate",
                  "reset": "none"
                },
                "$target.person_id": {
                  "source": "$application.variables.commonApplicationOrUserData.personId",
                  "reset": "none"
                },
                "$target.template_id": {
                  "source": "$application.variables.commonApplicationOrUserData.layoutId",
                  "reset": "none"
                }
              }
            }
          }
        }
      },
      "outcomes": {
        "success": "callRestPostTimeEntryRecord"
      }
    },
    "callFunctionHideLoader": {
      "module": "vb/action/builtin/callModuleFunctionAction",
      "parameters": {
        "module": "[[ $application.functions ]]",
        "functionName": "hideLoader"
      }
    },
    "callFunctionHideLoader2": {
      "module": "vb/action/builtin/callModuleFunctionAction",
      "parameters": {
        "module": "[[ $application.functions ]]",
        "functionName": "hideLoader"
      }
    },
    "callFunctionHideLoader3": {
      "module": "vb/action/builtin/callModuleFunctionAction",
      "parameters": {
        "module": "[[ $application.functions ]]",
        "functionName": "hideLoader"
      }
    },
    "navigateToShell": {
      "module": "vb/action/builtin/navigateAction",
      "@dt": {
        "targetType": "page"
      },
      "parameters": {
        "page": "/shell"
      }
    }
  },
  "variables": {
    "key": {
      "required": true,
      "type": "any",
      "input": "fromCaller"
    },
    "index": {
      "required": true,
      "type": "number",
      "input": "fromCaller"
    },
    "current": {
      "required": true,
      "type": "any",
      "input": "fromCaller"
    }
  }
}