{
  "description": "",
  "root": "callRestDeleteTimeCardTemplate",
  "actions": {
    "fireNotification": {
      "module": "vb/action/builtin/fireNotificationEventAction",
      "parameters": {
        "target": "leaf",
        "summary": "[[ $chain.results.callRestDeleteTimeCardTemplate.message.summary ]]",
        "type": "error",
        "displayMode": "persist"
      }
    },
    "callRestDeleteTimeCardTemplate": {
      "module": "vb/action/builtin/restAction",
      "parameters": {
        "endpoint": "ords/deleteTimeCardTemplate",
        "uriParams": {
          "p_template_id": "{{ $variables.key }}"
        }
      },
      "outcomes": {
        "failure": "fireNotification",
        "success": "fireDataProviderEventGetGetTimeCardTemplateListSDP"
      }
    },
    "fireDataProviderEventGetGetTimeCardTemplateListSDP": {
      "module": "vb/action/builtin/fireDataProviderEventAction",
      "parameters": {
        "target": "[[ $page.variables.getGetTimeCardTemplateListSDP ]]",
        "refresh": null
      }
    }
  },
  "variables": {
    "key": {
      "required": true,
      "type": "any",
      "input": "fromCaller"
    },
    "index": {
      "required": true,
      "type": "number",
      "input": "fromCaller"
    },
    "current": {
      "required": true,
      "type": "any",
      "input": "fromCaller"
    }
  }
}