{
  "title": "",
  "description": "",
  "variables": {
    "getGetTimeCardTemplateListSDP": {
      "type": "vb/ServiceDataProvider",
      "defaultValue": {
        "endpoint": "ords/getGetTimeCardTemplate",
        "keyAttributes": "template_id",
        "itemsPath": "items",
        "responseType": "getGetTimeCardTemplateResponse",
        "uriParameters": {
          "p_person_id": "{{ $application.variables.commonApplicationOrUserData.personId }}"
        }
      }
    },
    "postTimeEntryPayload": {
      "type": "postTimeEntryRecord"
    }

  },
  "metadata": {},
  "types": {
    "@decorators.getGetTimeCardTemplateResponse": {
      "endpoint": "getGetTimeCardTemplate",
      "service": "ords",
      "path": "response"
    },
    "@decorators.postTimeEntryRecord": {
      "endpoint": "postTimeEntryRecord",
      "service": "ords",
      "path": "request"
    },
    "getGetTimeCardTemplateResponse": {
      "items": [
        {
          "template_description": "string",
          "template_id": "number",
          "template_name": "string",
          "total_hours": "number"
        }
      ]
    },
    "postTimeEntryRecord": {
      "Items": [
        {
          "country_code": "string",
          "end_date": "string",
          "engagement_partner_id": "number",
          "engagement_partner_name": "string",
          "expenditure_type_hr_id": "number",
          "expenditure_type_hr_name": "string",
          "favourite_flag": "string",
          "month_no": "string",
          "person_id": "number",
          "project_activity_id": "number",
          "project_id": "number",
          "project_name": "string",
          "project_organization_id": "number",
          "project_organization_name": "string",
          "projecta_ctivity_name": "string",
          "start_date": "string",
          "state_code": "string",
          "status": "string",
          "task_id": "number",
          "task_name": "string",
          "tax_area_id": "number",
          "tax_area_name": "string",
          "template_id": "number",
          "time1_comments": "string",
          "time1_measure": "number",
          "time1_measure_uom": "string",
          "time2_comments": "string",
          "time2_measure": "number",
          "time2_measure_uom": "string",
          "time3_comments": "string",
          "time3_measure": "number",
          "time3_measure_uom": "string",
          "time4_comments": "string",
          "time4_measure": "number",
          "time4_measure_uom": "string",
          "time5_comments": "string",
          "time5_measure": "number",
          "year": "string"
        }
      ]
    }

  },
  "eventListeners": {
    "deleteTimeCardTempButtonOjAction": {
      "chains": [
        {
          "chainId": "BAC_Delete",
          "parameters": {
            "key": "{{ $current.key }}",
            "index": "{{ $current.index }}",
            "current": "{{ $current }}"
          }
        }
      ]
    },
    "ojButtonOjAction": {
      "chains": [
        {
          "chainId": "BAC_Select_Template",
          "parameters": {
            "key": "{{ $current.key }}",
            "index": "{{ $current.index }}",
            "current": "{{ $current }}"
          }
        }
      ]
    },
    "vbEnter": {
      "chains": [
        {
          "chainId": "OnVBEnter",
          "parameters": {}
        }
      ]
    },
    "editTimeCardTemplateButtonOjAction": {
      "chains": [
        {
          "chainId": "BAC_Edit_Template",
          "parameters": {
            "key": "{{ $current.key }}",
            "index": "{{ $current.index }}",
            "current": "{{ $current }}"
          }
        }
      ]
    }

  },
  "imports": {
    "components": {
      "oj-button": {
        "path": "ojs/ojbutton"
      },
      "oj-input-text": {
        "path": "ojs/ojinputtext"
      },
      "oj-table": {
        "path": "ojs/ojtable"
      }

    }
  }
}
