{
  "id": "main",
  "description": "A new VB app",
  "defaultPage": "shell",
  "chains": {
    "resourceChangedHandler": {
      "root": "fireNotification1",
      "description": "Displays a notification message when application has been updated and needs to be refreshed.",
      "variables": {
        "event": {
          "required": false,
          "input": "fromCaller",
          "type": {
            "error": {
              "detail": "string"
            }
          }
        }
      },
      "actions": {
        "fireNotification1": {
          "module": "vb/action/builtin/fireNotificationEventAction",
          "parameters": {
            "summary": "[[ $chain.variables.event.error.detail ]]",
            "target": "leaf"
          }
        }
      }
    }
  },
  "services": {},
  "translations": {
    "app": {
      "path": "./resources/strings/app/nls/app-strings"
    }
  },
  "events": {
    "navigateToItem": {
      "payloadType": {
        "item": "string"
      },
      "description": "Event to configure navigation between items/tabs."
    },
    "retriggerEnterTimecardVBEnter": {}
  },
  "types": {
    "@decorators.getGetLayoutAttributeHeader": {
      "endpoint": "getGetLayoutAttributes",
      "service": "ords",
      "path": "response"
    },
    "getGetLayoutAttributeHeader": {
      "layout_id": "number",
      "layout_name": "string",
      "ManagerFlg": "string",
      "OrganizationId": "number",
      "personId": "number"
    }
  },
  "variables": {
    "applicationMetadata": {
      "type": "getGetLayoutAttributeHeader"
    },
    "commonApplicationOrUserData": {
      "type": {
        "currentWeekEndDate": "string",
        "currentWeekStartDate": "string",
        "layoutId": "string",
        "personId": "string",
        "userName": "string"
      }
    },
    "searchBarMenuItems": {
      "type": "object[]",
      "defaultValue": [
        {
          "name": "All",
          "value": "All"
        },
        {
          "name": "Project Name",
          "value": "Project Name"
        },
        {
          "name": "Project Number",
          "value": "Project Number"
        },
        {
          "name": "Task Name",
          "value": "Task Name"
        },
        {
          "name": "Task Number",
          "value": "Task Number"
        },
        {
          "name": "Engagement Partner",
          "value": "Engagement Partner"
        },
        {
          "name": "Engagement Manager",
          "value": "Engagement Manager"
        },
        {
          "name": "Project Organization",
          "value": "Project Organization"
        }        ,
        {
          "name": "Client Name",
          "value": "Client Name"
        }
      ]
    },
    "selected_navigation_item": {
      "type": "string"
    },
    "selected_start_date": {
      "type": "string"
    },
    "tableColumnsArray": {
      "type": "object[]"
    },
    "week_ending_date_tch": {
      "type": "string"
    }

  },
  "eventListeners": {
    "vbEnter": {
      "chains": [
        {
          "chainId": "OnVBEnter",
          "parameters": {}
        }
      ]
    },
    "vbResourceChanged": {
      "chains": [
        {
          "chainId": "resourceChangedHandler",
          "parameters": {
            "event": "{{ $event }}"
          }
        }
      ]
    }

  },
  "userConfig": {
    "type": "vb/DefaultSecurityProvider",
    "configuration": {},
    "embedding": "deny"
  },
  "security": {},
  "imports": {
    "css": [
      "https://static.oracle.com/cdn/fnd/gallery/2107.2.0/images/iconfont/ojuxIconFont.min.css"
    ]
  },
  "settings": {
    "stopValidationPreLoading": true
  },
  "requirejs": {
    "paths": {
      "fullcalendar": "https://static.oracle.com/cdn/jet/packs/3rdparty/fullcalendar/3.10.2",
      "moment": "https://static.oracle.com/cdn/jet/packs/3rdparty/moment/2.24.0/moment.min",
      "oj-dynamic": "https://static.oracle.com/cdn/jet/packs/oj-dynamic/10.1.1/min/",
      "oj-sample": "https://static.oracle.com/cdn/jet/packs/oj-sample/5.0.7/min"

    },
    "bundles": {
      "oj-dynamic/all-bundle": [
        "oj-dynamic/bind-field/loader",
        "oj-dynamic/bind-section/loader",
        "oj-dynamic/container/loader",
        "oj-dynamic/form/loader",
        "oj-dynamic/table/loader",
        "oj-dynamic/table/resources/nls",
        "oj-dynamic/form/resources/nls",
        "oj-dynamic/providers/MetadataProviderFactory",
        "oj-dynamic/providers/TransformState",
        "oj-dynamic/providers/MetadataUtils",
        "oj-dynamic/providers/MetadataContentManager",
        "oj-dynamic/providers/MetadataTransformer",
        "oj-dynamic/providers/AdfBCExtension",
        "oj-dynamic/providers/DefaultFetchable",
        "oj-dynamic/providers/DynamicLayoutEngine",
        "oj-dynamic/providers/MetadataProviderManager",
        "oj-dynamic/providers/JsonMetadataProvider",
        "oj-dynamic/providers/ServiceMetadataProvider",
        "oj-dynamic/providers/DynamicLayoutProvider",
        "oj-dynamic/providers/DynamicLayoutMetadataProvider",
        "oj-dynamic/providers/DynamicLayoutMetadataProviderFactory",
        "oj-dynamic/providers/Extension",
        "oj-dynamic/providers/Fetchable",
        "oj-dynamic/providers/JsonMetadataProviderFactory",
        "oj-dynamic/providers/JsonMetadataSchema",
        "oj-dynamic/providers/OpenAPISchema",
        "oj-dynamic/providers/ServiceFetchable",
        "oj-dynamic/providers/ServiceMetadataProviderFactory",
        "oj-dynamic/providers/ContainerMetadataProviderFactory",
        "oj-dynamic/shared/CommonUtils",
        "oj-dynamic/shared/DynamicComponentUtil",
        "oj-dynamic/shared/DataProviderFactory",
        "oj-dynamic/shared/UriTemplateUtils",
        "oj-dynamic/shared/DefaultRestDataProvider",
        "oj-dynamic/shared/DataProviderFactoryManager",
        "oj-dynamic/shared/DynamicInputContacts",
        "oj-dynamic/shared/DynamicLOVUtil",
        "oj-dynamic/shared/DynamicInputRegistry",
        "oj-dynamic/shared/DynamicInputFactory",
        "oj-dynamic/shared/DynamicUIMetadata",
        "oj-dynamic/shared/MetadataProvider",
        "oj-dynamic/shared/polyfills",
        "oj-dynamic/shared/MicroTaskQueue",
        "oj-dynamic/shared/UtilTypes"
      ],
      "oj-sample/calendar-bundle": [
        "oj-sample/calendar/loader",
        "oj-sample/calendar-event/loader",
        "oj-sample/calendar-provider/loader"
      ],
      "oj-sample/controls-bundle": [
        "oj-sample/checkbox-switch/loader",
        "oj-sample/copy-text/loader",
        "oj-sample/country-picker/loader",
        "oj-sample/export-data/loader",
        "oj-sample/highlight-text/loader",
        "oj-sample/input-email/loader",
        "oj-sample/input-text-typeahead/loader",
        "oj-sample/input-url/loader",
        "oj-sample/metric/loader",
        "oj-sample/organization-tree/loader",
        "oj-sample/organization-tree-item/loader",
        "oj-sample/qr-code/loader",
        "oj-sample/tooltip/loader",
        "oj-sample/utils/validators/emailValidatorFactory",
        "oj-sample/utils/validators/urlValidatorFactory",
        "oj-sample/utils/validators/countryValidatorFactory",
        "oj-sample/utils/export/dataCollectionExporter",
        "oj-sample/utils/export/visualizationExporter",
        "oj-sample/visualization-exporter/loader"
      ],
      "oj-sample/layout-bundle": [
        "oj-sample/drawer/loader",
        "oj-sample/flip-card/loader",
        "oj-sample/online-detector/loader",
        "oj-sample/orientation-detector/loader",
        "oj-sample/pull-to-refresh/loader",
        "oj-sample/show-when-ready/loader",
        "oj-sample/timed-event/loader"
      ]
    }
  }
}