{
            "layout_id": "",
            "time_entry_dtl_id": 60,
            "person_id": 300003110066877,
            "person_number": "",
            "assignment_number": "",
            "reporter_id": "",
            "start_date": "2022-01-03T00:00:00.000Z",
            "end_date": "2022-01-09T00:00:00.000Z",
            "time_card_period": "2022-01-03T00:00:00.000Z - 2022-01-09T00:00:00.000Z",
            "status": "",
            "comment_text": "",
            "object_version_number": "",
            "project_id": 300002943697418,
            "project_name": "495202 - L&D_Audit Documentation - Putting The Standards Into Practice",
            "task_id": 100002105288453,
            "task_name": "Participant attendance time",
            "project_activity_id": 0,
            "project_activity_name": "",
            "engagement_partner_id": 0,
            "engagement_partner_name": "",
            "project_organization_id": 0,
            "project_organization_name": "",
            "tax_area_id": 300000000361817,
            "tax_area_name": "Thailand-TH",
            "expenditure_type_hr_id": 0,
            "expenditure_type_hr_name": "",
            "time1_measure": 5,
            "time2_measure": 0,
            "time3_measure": 0,
            "time4_measure": 0,
            "time5_measure": 0,
            "time6_measure": "",
            "time7_measure": "",
            "time1_measure_uom": "",
            "time2_measure_uom": "",
            "time3_measure_uom": "",
            "time4_measure_uom": "",
            "time5_measure_uom": "",
            "time6_measure_uom": "",
            "time7_measure_uom": "",
            "time1_comments": "",
            "time2_comments": "",
            "time3_comments": "",
            "time4_comments": "",
            "time5_comments": "",
            "time6_comments": "",
            "time7_comments": "",
            "created_by": "",
            "creation_date": "",
            "last_updated_by": "",
            "last_updated_date": "",
            "last_updated_login": ""
        }