{
    "items": [
        {
            "project_name": "PEN (USD) Dell Global Business Center Sdn Bhd_Specified Procedures US reporting_[28 Jan 2022]_A000 00k4L00000ClSIJQA3",
            "task_id": "100004529642884",
            "task_number": "1.0",
            "task_name": "Billable - Time"
        },
        {
            "project_name": "PEN (USD) Dell Global Business Center Sdn Bhd_Specified Procedures US reporting_[28 Jan 2022]_A000 00k4L00000ClSIJQA3",
            "task_id": "100004529642885",
            "task_number": "1.1",
            "task_name": "Billable - Time"
        },
        {
            "project_name": "PEN (USD) Dell Global Business Center Sdn Bhd_Specified Procedures US reporting_[28 Jan 2022]_A000 00k4L00000ClSIJQA3",
            "task_id": "100004529642886",
            "task_number": "2.0",
            "task_name": "Billable - Expenses"
        },
        {
            "project_name": "PEN (USD) Dell Global Business Center Sdn Bhd_Specified Procedures US reporting_[28 Jan 2022]_A000 00k4L00000ClSIJQA3",
            "task_id": "100005460001575",
            "task_number": "1.001",
            "task_name": "ABOM and PLOM"
        },
        {
            "project_name": "PEN (USD) Dell Global Business Center Sdn Bhd_Specified Procedures US reporting_[28 Jan 2022]_A000 00k4L00000ClSIJQA3",
            "task_id": "100005460001576",
            "task_number": "1.002",
            "task_name": "Accounts receivable"
        },
        {
            "project_name": "PEN (USD) Dell Global Business Center Sdn Bhd_Specified Procedures US reporting_[28 Jan 2022]_A000 00k4L00000ClSIJQA3",
            "task_id": "100005460001577",
            "task_number": "1.003",
            "task_name": "Accrued liabilities (excluding warranty & payroll)"
        },
        {
            "project_name": "PEN (USD) Dell Global Business Center Sdn Bhd_Specified Procedures US reporting_[28 Jan 2022]_A000 00k4L00000ClSIJQA3",
            "task_id": "100005460001578",
            "task_number": "1.004",
            "task_name": "Automation"
        },
        {
            "project_name": "PEN (USD) Dell Global Business Center Sdn Bhd_Specified Procedures US reporting_[28 Jan 2022]_A000 00k4L00000ClSIJQA3",
            "task_id": "100005460001579",
            "task_number": "1.005",
            "task_name": "C - Admin"
        },
        {
            "project_name": "PEN (USD) Dell Global Business Center Sdn Bhd_Specified Procedures US reporting_[28 Jan 2022]_A000 00k4L00000ClSIJQA3",
            "task_id": "100005460001580",
            "task_number": "1.006",
            "task_name": "Cash & bank"
        },
        {
            "project_name": "PEN (USD) Dell Global Business Center Sdn Bhd_Specified Procedures US reporting_[28 Jan 2022]_A000 00k4L00000ClSIJQA3",
            "task_id": "100005460001581",
            "task_number": "1.007",
            "task_name": "Deliverables"
        },
        {
            "project_name": "PEN (USD) Dell Global Business Center Sdn Bhd_Specified Procedures US reporting_[28 Jan 2022]_A000 00k4L00000ClSIJQA3",
            "task_id": "100005460001582",
            "task_number": "1.008",
            "task_name": "EMC AP"
        },
        {
            "project_name": "PEN (USD) Dell Global Business Center Sdn Bhd_Specified Procedures US reporting_[28 Jan 2022]_A000 00k4L00000ClSIJQA3",
            "task_id": "100005460001583",
            "task_number": "1.009",
            "task_name": "EMC AP (WT & TOC)"
        },
        {
            "project_name": "PEN (USD) Dell Global Business Center Sdn Bhd_Specified Procedures US reporting_[28 Jan 2022]_A000 00k4L00000ClSIJQA3",
            "task_id": "100005460001584",
            "task_number": "1.010",
            "task_name": "EMC deferred commission"
        },
        {
            "project_name": "PEN (USD) Dell Global Business Center Sdn Bhd_Specified Procedures US reporting_[28 Jan 2022]_A000 00k4L00000ClSIJQA3",
            "task_id": "100005460001585",
            "task_number": "1.011",
            "task_name": "EMC deferred commission (WT & ToC)"
        },
        {
            "project_name": "PEN (USD) Dell Global Business Center Sdn Bhd_Specified Procedures US reporting_[28 Jan 2022]_A000 00k4L00000ClSIJQA3",
            "task_id": "100005460001586",
            "task_number": "1.012",
            "task_name": "External group meetings"
        },
        {
            "project_name": "PEN (USD) Dell Global Business Center Sdn Bhd_Specified Procedures US reporting_[28 Jan 2022]_A000 00k4L00000ClSIJQA3",
            "task_id": "100005460001587",
            "task_number": "1.013",
            "task_name": "Global group meetings"
        },
        {
            "project_name": "PEN (USD) Dell Global Business Center Sdn Bhd_Specified Procedures US reporting_[28 Jan 2022]_A000 00k4L00000ClSIJQA3",
            "task_id": "100005460001588",
            "task_number": "1.014",
            "task_name": "GO - DGP AR and profit deferral"
        },
        {
            "project_name": "PEN (USD) Dell Global Business Center Sdn Bhd_Specified Procedures US reporting_[28 Jan 2022]_A000 00k4L00000ClSIJQA3",
            "task_id": "100005460001589",
            "task_number": "1.015",
            "task_name": "GO - DGP AR and profit deferral (WT & ToC)"
        },
        {
            "project_name": "PEN (USD) Dell Global Business Center Sdn Bhd_Specified Procedures US reporting_[28 Jan 2022]_A000 00k4L00000ClSIJQA3",
            "task_id": "100005460001590",
            "task_number": "1.016",
            "task_name": "GO - Inventory and COGS (WT & ToC)"
        },
        {
            "project_name": "PEN (USD) Dell Global Business Center Sdn Bhd_Specified Procedures US reporting_[28 Jan 2022]_A000 00k4L00000ClSIJQA3",
            "task_id": "100005460001591",
            "task_number": "1.017",
            "task_name": "GO - Inventory Existence"
        },
        {
            "project_name": "PEN (USD) Dell Global Business Center Sdn Bhd_Specified Procedures US reporting_[28 Jan 2022]_A000 00k4L00000ClSIJQA3",
            "task_id": "100005460001592",
            "task_number": "1.018",
            "task_name": "GO - Inventory Valuation and COGS"
        },
        {
            "project_name": "PEN (USD) Dell Global Business Center Sdn Bhd_Specified Procedures US reporting_[28 Jan 2022]_A000 00k4L00000ClSIJQA3",
            "task_id": "100005460001593",
            "task_number": "1.019",
            "task_name": "GO - Others"
        },
        {
            "project_name": "PEN (USD) Dell Global Business Center Sdn Bhd_Specified Procedures US reporting_[28 Jan 2022]_A000 00k4L00000ClSIJQA3",
            "task_id": "100005460001594",
            "task_number": "1.020",
            "task_name": "GO - Production AP"
        },
        {
            "project_name": "PEN (USD) Dell Global Business Center Sdn Bhd_Specified Procedures US reporting_[28 Jan 2022]_A000 00k4L00000ClSIJQA3",
            "task_id": "100005460001595",
            "task_number": "1.021",
            "task_name": "GO - Production AP (WT & ToC)"
        },
        {
            "project_name": "PEN (USD) Dell Global Business Center Sdn Bhd_Specified Procedures US reporting_[28 Jan 2022]_A000 00k4L00000ClSIJQA3",
            "task_id": "100005460001596",
            "task_number": "1.022",
            "task_name": "GO - Royalties"
        },
        {
            "project_name": "PEN (USD) Dell Global Business Center Sdn Bhd_Specified Procedures US reporting_[28 Jan 2022]_A000 00k4L00000ClSIJQA3",
            "task_id": "100005460001597",
            "task_number": "1.023",
            "task_name": "GO - Royalties (WT & ToC)"
        },
        {
            "project_name": "PEN (USD) Dell Global Business Center Sdn Bhd_Specified Procedures US reporting_[28 Jan 2022]_A000 00k4L00000ClSIJQA3",
            "task_id": "100005460001598",
            "task_number": "1.024",
            "task_name": "GO - Vendor funding"
        },
        {
            "project_name": "PEN (USD) Dell Global Business Center Sdn Bhd_Specified Procedures US reporting_[28 Jan 2022]_A000 00k4L00000ClSIJQA3",
            "task_id": "100005460001599",
            "task_number": "1.025",
            "task_name": "GO - Vendor funding (WT & ToC)"
        },
        {
            "project_name": "PEN (USD) Dell Global Business Center Sdn Bhd_Specified Procedures US reporting_[28 Jan 2022]_A000 00k4L00000ClSIJQA3",
            "task_id": "100005460001600",
            "task_number": "1.026",
            "task_name": "Group completion"
        },
        {
            "project_name": "PEN (USD) Dell Global Business Center Sdn Bhd_Specified Procedures US reporting_[28 Jan 2022]_A000 00k4L00000ClSIJQA3",
            "task_id": "100005460001601",
            "task_number": "1.027",
            "task_name": "GSD revenue & deferred revenue"
        },
        {
            "project_name": "PEN (USD) Dell Global Business Center Sdn Bhd_Specified Procedures US reporting_[28 Jan 2022]_A000 00k4L00000ClSIJQA3",
            "task_id": "100005460001602",
            "task_number": "1.028",
            "task_name": "Hardware revenue - lead time/in transit"
        },
        {
            "project_name": "PEN (USD) Dell Global Business Center Sdn Bhd_Specified Procedures US reporting_[28 Jan 2022]_A000 00k4L00000ClSIJQA3",
            "task_id": "100005460001603",
            "task_number": "1.029",
            "task_name": "Hardware revenue - order test"
        },
        {
            "project_name": "PEN (USD) Dell Global Business Center Sdn Bhd_Specified Procedures US reporting_[28 Jan 2022]_A000 00k4L00000ClSIJQA3",
            "task_id": "100005460001604",
            "task_number": "1.030",
            "task_name": "Hardware revenue (WT & ToC)"
        },
        {
            "project_name": "PEN (USD) Dell Global Business Center Sdn Bhd_Specified Procedures US reporting_[28 Jan 2022]_A000 00k4L00000ClSIJQA3",
            "task_id": "100005460001605",
            "task_number": "1.031",
            "task_name": "Indirect revenue"
        },
        {
            "project_name": "PEN (USD) Dell Global Business Center Sdn Bhd_Specified Procedures US reporting_[28 Jan 2022]_A000 00k4L00000ClSIJQA3",
            "task_id": "100005460001606",
            "task_number": "1.032",
            "task_name": "Indirect revenue (WT & ToC)"
        },
        {
            "project_name": "PEN (USD) Dell Global Business Center Sdn Bhd_Specified Procedures US reporting_[28 Jan 2022]_A000 00k4L00000ClSIJQA3",
            "task_id": "100005460001607",
            "task_number": "1.033",
            "task_name": "Internal group meetings"
        },
        {
            "project_name": "PEN (USD) Dell Global Business Center Sdn Bhd_Specified Procedures US reporting_[28 Jan 2022]_A000 00k4L00000ClSIJQA3",
            "task_id": "100005460001608",
            "task_number": "1.034",
            "task_name": "IT Dependencies"
        },
        {
            "project_name": "PEN (USD) Dell Global Business Center Sdn Bhd_Specified Procedures US reporting_[28 Jan 2022]_A000 00k4L00000ClSIJQA3",
            "task_id": "100005460001609",
            "task_number": "1.035",
            "task_name": "JE Testing"
        },
        {
            "project_name": "PEN (USD) Dell Global Business Center Sdn Bhd_Specified Procedures US reporting_[28 Jan 2022]_A000 00k4L00000ClSIJQA3",
            "task_id": "100005460001610",
            "task_number": "1.036",
            "task_name": "Non-production AP"
        },
        {
            "project_name": "PEN (USD) Dell Global Business Center Sdn Bhd_Specified Procedures US reporting_[28 Jan 2022]_A000 00k4L00000ClSIJQA3",
            "task_id": "100005460001611",
            "task_number": "1.037",
            "task_name": "Non-production AP (WT & ToC)"
        },
        {
            "project_name": "PEN (USD) Dell Global Business Center Sdn Bhd_Specified Procedures US reporting_[28 Jan 2022]_A000 00k4L00000ClSIJQA3",
            "task_id": "100005460001612",
            "task_number": "1.038",
            "task_name": "Other receivables"
        },
        {
            "project_name": "PEN (USD) Dell Global Business Center Sdn Bhd_Specified Procedures US reporting_[28 Jan 2022]_A000 00k4L00000ClSIJQA3",
            "task_id": "100005460001613",
            "task_number": "1.039",
            "task_name": "P - Admin & meetings"
        },
        {
            "project_name": "PEN (USD) Dell Global Business Center Sdn Bhd_Specified Procedures US reporting_[28 Jan 2022]_A000 00k4L00000ClSIJQA3",
            "task_id": "100005460001614",
            "task_number": "1.040",
            "task_name": "Payroll accrual and expense"
        },
        {
            "project_name": "PEN (USD) Dell Global Business Center Sdn Bhd_Specified Procedures US reporting_[28 Jan 2022]_A000 00k4L00000ClSIJQA3",
            "task_id": "100005460001615",
            "task_number": "1.041",
            "task_name": "Payroll accrual and expense (WT & ToC)"
        },
        {
            "project_name": "PEN (USD) Dell Global Business Center Sdn Bhd_Specified Procedures US reporting_[28 Jan 2022]_A000 00k4L00000ClSIJQA3",
            "task_id": "100005460001616",
            "task_number": "1.042",
            "task_name": "Quarterly procedures"
        },
        {
            "project_name": "PEN (USD) Dell Global Business Center Sdn Bhd_Specified Procedures US reporting_[28 Jan 2022]_A000 00k4L00000ClSIJQA3",
            "task_id": "100005460001617",
            "task_number": "1.043",
            "task_name": "S&P revenue"
        },
        {
            "project_name": "PEN (USD) Dell Global Business Center Sdn Bhd_Specified Procedures US reporting_[28 Jan 2022]_A000 00k4L00000ClSIJQA3",
            "task_id": "100005460001618",
            "task_number": "1.044",
            "task_name": "S&P revenue (WT & ToC)"
        },
        {
            "project_name": "PEN (USD) Dell Global Business Center Sdn Bhd_Specified Procedures US reporting_[28 Jan 2022]_A000 00k4L00000ClSIJQA3",
            "task_id": "100005460001619",
            "task_number": "1.045",
            "task_name": "Unified Inventory Programme (UIP)"
        },
        {
            "project_name": "PEN (USD) Dell Global Business Center Sdn Bhd_Specified Procedures US reporting_[28 Jan 2022]_A000 00k4L00000ClSIJQA3",
            "task_id": "100005460001620",
            "task_number": "1.046",
            "task_name": "Warranty accrual & FSI"
        },
        {
            "project_name": "PEN (USD) Dell Global Business Center Sdn Bhd_Specified Procedures US reporting_[28 Jan 2022]_A000 00k4L00000ClSIJQA3",
            "task_id": "100005460001621",
            "task_number": "1.047",
            "task_name": "Warranty accrual & FSI (WT & ToC)"
        }
    ],
    "hasMore": false,
    "limit": 0,
    "offset": 0,
    "count": 50,
    "links": [
        {
            "rel": "self",
            "href": "https://dc5iwixeofdxweu-devdb.adb.eu-frankfurt-1.oraclecloudapps.com/ords/ordspwc/OTL/GetProjTasks?P_PROJ_ID=300003585642385"
        },
        {
            "rel": "describedby",
            "href": "https://dc5iwixeofdxweu-devdb.adb.eu-frankfurt-1.oraclecloudapps.com/ords/ordspwc/metadata-catalog/OTL/item"
        }
    ]
}