{
    "personId": 300003110066877,
    "layout_id": 2,
    "layout_name": "PWC_OTL_MEKONG_TIME_ENTRY_LAYOUT_SET",
    "OrganizationId": 300002825661790,
    "ManagerFlg": "N",
    "Items": [
        {
            "headerText": "Project Name",
            "sortable": "disabled",
            "frozenEdge": "start",
            "style": "white-space:normal",
            "template": "projectnamecelltemplate",
            "columneDisplaySequence": 1
        },
        {
            "headerText": "Engagement Partner",
            "sortable": "disabled",
            "template": "engagementpartnercelltemplate",
            "columneDisplaySequence": 2
        },
        {
            "headerText": "Project Organization",
            "sortable": "disabled",
            "template": "projectorganizationcelltemplate",
            "columneDisplaySequence": 3
        },
        {
            "headerText": "Project Task",
            "sortable": "disabled",
            "style": "white-space:normal",
            "template": "projecttaskcelltemplate",
            "columneDisplaySequence": 4
        },
        {
            "headerText": "Location - Tax Area",
            "sortable": "disabled",
            "style": "white-space:normal",
            "template": "taxareacelltemplate",
            "columneDisplaySequence": 5
        },
        {
            "headerText": "Mon",
            "sortable": "disabled",
            "width": 100,
            "template": "time1measurecelltemplate",
            "columneDisplaySequence": 6
        },
        {
            "headerText": "Tue",
            "sortable": "disabled",
            "width": 100,
            "template": "time2measurecelltemplate",
            "columneDisplaySequence": 7
        },
        {
            "headerText": "Wed",
            "sortable": "disabled",
            "width": 100,
            "template": "time3measurecelltemplate",
            "columneDisplaySequence": 8
        },
        {
            "headerText": "Thr",
            "sortable": "disabled",
            "width": 100,
            "template": "time4measurecelltemplate",
            "columneDisplaySequence": 9
        },
        {
            "headerText": "Fri",
            "sortable": "disabled",
            "width": 100,
            "template": "time5measurecelltemplate",
            "columneDisplaySequence": 10
        },
        {
            "headerText": "Sat",
            "sortable": "disabled",
            "width": 100,
            "template": "time6measurecelltemplate",
            "columneDisplaySequence": 11
        },
        {
            "headerText": "Sun",
            "sortable": "disabled",
            "width": 100,
            "template": "time7measurecelltemplate",
            "columneDisplaySequence": 12
        },
        {
            "headerText": "Delete",
            "sortable": "disabled",
            "template": "deletecelltemplate",
            "columneDisplaySequence": 13
        }
    ]
}