{
    "openapi": "3.0.0",
    "info": {
        "title": "searchAPI",
        "version": "1.0.0",
        "x-vb": {
            "transforms": {
                "path": "./transforms.js"
            }
        }
    },
    "servers": [
        {
            "url": "https://dc5iwixeofdxweu-devdb.adb.eu-frankfurt-1.oraclecloudapps.com/ords/ordspwc/OTL_S",
            "description": "Ords Ordspwc",
            "x-vb": {
                "authentication": {
                    "authenticated": {
                        "type": "oauth2_client_credentials",
                        "clientIdCredentials": "vb_aaacc3cf-98f5-4d59-8df8-f5b209a5461e",
                        "authUrl": "https://dc5iwixeofdxweu-devdb.adb.eu-frankfurt-1.oraclecloudapps.com/ords/ordspwc/oauth/token"
                    }
                }
            }
        }
    ],
    "paths": {
        "/TimeEntrySearch": {
            "get": {
                "operationId": "getTimeEntrySearch",
                "parameters": [
                    {
                        "name": "userName",
                        "in": "query",
                        "required": true,
                        "schema": {
                            "type": "string"
                        },
                        "x-vb": {
                            "defaultValue": "phillip.jacobs@pwc.com"
                        }
                    },
                    {
                        "name": "searchBy",
                        "in": "query",
                        "required": true,
                        "schema": {
                            "type": "string"
                        },
                        "x-vb": {
                            "defaultValue": "PARTNER"
                        }
                    },
                    {
                        "name": "searchString",
                        "in": "query",
                        "required": true,
                        "schema": {
                            "type": "string"
                        },
                        "x-vb": {
                            "defaultValue": "alan"
                        }
                    }
                ],
                "responses": {
                    "default": {
                        "description": "Response for default",
                        "content": {
                            "application/json": {
                                "schema": {
                                    "$ref": "#/components/schemas/GetTimeEntrySearch"
                                },
                                "examples": {
                                    "vb": {
                                        "summary": "Example stored by VB User",
                                        "externalValue": "./examples/getTimeEntrySearch/response_default_application_json_vb.json"
                                    }
                                }
                            }
                        }
                    }
               },
                "x-vb": {
                    "actionHint": "getMany"
                }
            }
        },
        "/TimeEntryAdvanceSearch": {
            "get": {
                "operationId": "getTimeEntryAdvanceSearch",
                "parameters": [
                    {
                        "name": "userName",
                        "in": "header",
                        "schema": {
                            "type": "string"
                        }
                    },
                    {
                        "name": "projectName",
                        "in": "query",
                        "schema": {
                            "type": "string"
                        }
                    },
                    {
                        "name": "projectNumber",
                        "in": "query",
                        "schema": {
                            "type": "string"
                        }
                    },
                    {
                        "name": "projectDesc",
                        "in": "query",
                        "schema": {
                            "type": "string"
                        }
                    },
                    {
                        "name": "clientName",
                        "in": "query",
                        "schema": {
                            "type": "string"
                        }
                    },
                    {
                        "name": "engPartner",
                        "in": "query",
                        "schema": {
                            "type": "string"
                        }
                    },
{
                        "name": "engManager",
                        "in": "query",
                        "schema": {
                            "type": "string"
                        }
                    },
                    {
                        "name": "billPartner",
                        "in": "query",
                        "schema": {
                            "type": "string"
                        }
                    }                    ,
{
                        "name": "billManager",
                        "in": "query",
                        "schema": {
                            "type": "string"
                        }
                    },
                    {
                        "name": "projectOrg",
                        "in": "query",
                        "schema": {
                            "type": "string"
                        }
                    }                    ,
                    {
                        "name": "classCode",
                        "in": "query",
                        "schema": {
                            "type": "string"
                        }
                    }                    ,
                    {
                        "name": "classDesc",
                        "in": "query",
                        "schema": {
                            "type": "string"
                        }
                    }                    ,
                    {
                        "name": "startDate",
                        "in": "query",
                        "schema": {
                            "type": "string"
                        }
                    }                    ,
                    {
                        "name": "endDate",
                        "in": "query",
                        "schema": {
                            "type": "string"
                        }
                    }
                ],
                "responses": {
                    "default": {
                        "description": "Response for default",
                        "content": {
                            "application/json": {
                                "schema": {
                                    "$ref": "#/components/schemas/GetTimeEntryAdvanceSearch"
                                },
                                "examples": {
                                    "vb": {
                                        "summary": "Example stored by VB User",
                                        "externalValue": "./examples/getTimeEntryAdvanceSearch/response_default_application_json_vb.json"
                                    }
                                }
                            }
                        }
                    }
                },
                "x-vb": {
                    "actionHint": "getMany"
                }
            }
        }
    },
    "components": {
        "schemas": {
            "GetTimeEntrySearch": {
                "type": "object",
                "properties": {
                    "items": {
                        "type": "array",
                        "items": {
                            "type": "object",
                            "properties": {
                                "layout_name": {
                                    "type": "string"
                                },
                                "rec_number": {
                                    "type": "string"
                                },
                                "project_id": {
                                    "type": "string"
                                },
                                "project_number": {
                                    "type": "string"
                                },
                                "project_name": {
                                    "type": "string"
                                },
                                "client_name": {
                                    "type": "string",
                                    "nullable": true
                                },
                                "client_id": {
                                    "type": "string",
                                    "nullable": true
                                },
                                "project_organization_id": {
                                    "type": "string"
                                },
                                "project_organization_name": {
                                    "type": "string"
                                },
                                "engagement_partner_id": {
                                    "type": "string",
                                    "nullable": true

                                },
                                "engagement_partner_name": {
                                    "type": "string",
                                    "nullable": true

                                },
                                "engagement_manager_id": {
                                    "type": "string",
                                    "nullable": true
                                },
                                "engagement_manager_name": {
                                    "type": "string",
                                    "nullable": true
                                },
                                "project_activity_id": {
                                    "nullable": true
                                },
                                "project_activity_name": {
                                    "nullable": true
                                },
                                "task_id": {
                                    "nullable": true
                                },
                                "task_number": {
                                    "nullable": true
                                },
                                "task_name": {
                                    "nullable": true
                                },
                                "tax_area_name": {
                                    "type": "string"
                                },
                                "tax_area_id": {
                                    "type": "string"
                                },
                                "expenditure_type_hr_id": {
                                    "nullable": true
                                },
                                "expenditure_type_hr_name": {
                                    "nullable": true
                                },
                                "project_unit_id": {
                                    "type": "string"
                                }

                            }
                        }
                    },
                    "first": {
                        "type": "object",
                        "properties": {
                            "$ref": {
                                "type": "string"
                            }
                        }
                    }
                }
            },
            "GetTimeEntryAdvanceSearch": {
                "type": "object",
                "properties": {
                    "items": {
                        "type": "array",
                        "items": {
                            "type": "object",
                            "properties": {
                                "layout_name": {
                                    "type": "string"
                                },
                                "rec_number": {
                                    "type": "string"
                                },
                                "project_id": {
                                    "type": "string"
                                },
                                "project_number": {
                                    "type": "string"
                                },
                                "project_name": {
                                    "type": "string"
                                },
                                "client_name": {
                                    "type": "string",
                                    "nullable": true
                                },
                                "client_id": {
                                    "type": "string",
                                    "nullable": true
                                },
                                "project_organization_id": {
                                    "type": "string"
                                },
                                "project_organization_name": {
                                    "type": "string"
                                },
                                "engagement_partner_id": {
                                    "type": "string",
                                    "nullable": true
                                },
                                "engagement_partner_name": {
                                    "type": "string",
                                    "nullable": true
                                },
                                "engagement_manager_id": {
                                    "type": "string",
                                    "nullable": true
                                },
                                "engagement_manager_name": {
                                    "type": "string",
                                    "nullable": true
                                },
                                "project_activity_id": {
                                    "nullable": true
                                },
                                "project_activity_name": {
                                    "nullable": true
                                },
                                "task_id": {
                                    "nullable": true
                                },
                                "task_number": {
                                    "nullable": true
                                },
                                "task_name": {
                                    "nullable": true
                                },
                                "tax_area_name": {
                                    "type": "string"
                                },
                                "tax_area_id": {
                                    "type": "string"
                                },
                                "expenditure_type_hr_id": {
                                    "nullable": true
                                },
                                "expenditure_type_hr_name": {
                                    "nullable": true
                                },
                                "project_unit_id": {
                                    "type": "string"
                                }
                            }
                        }
                    },
                    "hasMore": {
                        "type": "boolean"
                    },
                    "limit": {
                        "type": "integer"
                    },
                    "offset": {
                        "type": "integer"
                    },
                    "count": {
                        "type": "integer"
                    },
                    "links": {
                        "type": "array",
                        "items": {
                            "type": "object",
                            "properties": {
                                "rel": {
                                    "type": "string"
                                },
                                "href": {
                                    "type": "string"
                                }
                            }
                        }
                    }
                }
            }
        }
    }
}