{
  "app_title_navigation_drawer": "Application Navigation Drawer",
  "@app_title_navigation_drawer": {
    "description": "Title for Application Navigation Drawer"
  },
  "app_logo_tooltip": "Application Logo",
  "@app_logo_tooltip": {
    "description": "Title for Application Logo"
  },
  "app_header_title": "OTL",
  "@app_header_title": {
    "description": "Title on shell header"
  },
  "app_footer_about_link": "About",
  "@app_footer_about_link": {
    "description": "About link on shell footer"
  },
  "app_footer_copyright": "Created with Visual Builder, Copyright © 2021",
  "@app_footer_copyright": {
    "description": "Copyright text on shell footer"
  },
  "app_title_tooltip": "Application Name",
  "@app_title_tooltip": {
    "description": "Tooltip on shell title text"
  },
  "app_sign_out": "Sign Out",
  "@app_sign_out": {
    "description": "Text on menu option to log out of the application"
  },
  "menu_button__text_e334": "All",
  "@menu_button__text_e334": {
    "description": ""
  },
  "option__text_9775": "Engagement Manager",
  "@option__text_9775": {
    "description": ""
  },
  "option__text_9450": "Engagement Partner",
  "@option__text_9450": {
    "description": ""
  },
  "option__text_2d51": "Billing Manager",
  "@option__text_2d51": {
    "description": ""
  },
  "option__text_eef4": "Billing Partner",
  "@option__text_eef4": {
    "description": ""
  },
  "option__text_5a4d": "Client Name",
  "@option__text_5a4d": {
    "description": ""
  },
  "option__text_0f01": "Project Name",
  "@option__text_0f01": {
    "description": ""
  },
  "search_btn__text_d322": "Search",
  "@search_btn__text_d322": {
    "description": ""
  },
  "div__text_4030": "If needed, you can edit or select them as a template for your current timecard. If you have any questions please go to FAQ.",
  "@div__text_4030": {
    "description": ""
  },
  "h4__text_c081": "Previously Submitted Time Entry",
  "@h4__text_c081": {
    "description": ""
  },
  "input_text_label_hint_cbd2": "Edit",
  "@input_text_label_hint_cbd2": {
    "description": ""
  },
  "input_text_label_hint_e843": "Temp Display Week Ending Date: ",
  "@input_text_label_hint_e843": {
    "description": ""
  },
  "fireNotification3_summary_c32f": "TimeCard Submitted",
  "@fireNotification3_summary_c32f": {
    "description": "TimeCard Submitted"
  },
  "fireNotification3_summary_0c37": "[[ $application.translations.app.fireNotification3_summary_0fdb ]]",
  "@fireNotification3_summary_0c37": {
    "description": ""
  }
}