{
  "title": "",
  "description": "",
  "variables": {
    "end_date": {
      "type": "string"
    },
    "getTimeCardHistoryListSDP": {
      "type": "vb/ServiceDataProvider",
      "defaultValue": {
        "endpoint": "ords/getTimeCardHistory",
        "keyAttributes": "person_id",
        "itemsPath": "items",
        "responseType": "getTimeCardHistoryResponse",
        "uriParameters": {

          "person_id": "{{ $application.variables.commonApplicationOrUserData.personId }}"
        }
      }
    },
    "selectedTimeCard": {
      "type": "getTimeCardHistory"
    },
    "t_start_date": {
      "type": "string"
    },
    "timeCardPagination": {
      "type": "any"
    }

  },
  "metadata": {},
  "types": {
    "@decorators.getTimeCardHistory": {
      "endpoint": "getTimeCardHistory",
      "service": "ords",
      "path": "response"
    },
    "@decorators.getTimeCardHistoryResponse": {
      "endpoint": "getTimeCardHistory",
      "service": "ords",
      "path": "response"
    },
    "getTimeCardHistory": {
          "created_on": "any",
          "enddate": "string",
          "person_id": "number",
          "startdate": "string",
          "time1_measure": "number",
          "time2_measure": "number",
          "time3_measure": "number",
          "time4_measure": "number",
          "time5_measure": "number",
          "time6_measure": "number",
          "time7_measure": "number",
          "totalhours": "number"
    },
    "getTimeCardHistoryResponse": {
      "items": [
        {
          "created_on": "any",
          "enddate": "string",
          "person_id": "number",
          "startdate": "string",
          "time1_measure": "number",
          "time2_measure": "number",
          "time3_measure": "number",
          "time4_measure": "number",
          "time5_measure": "number",
          "time6_measure": "number",
          "time7_measure": "number",
          "totalhours": "number"
        }
      ]
    }

  },
  "eventListeners": {

    "ojButtonOjAction": {
      "chains": [
        {
          "chainId": "EditButton_ActionChain",
          "parameters": {
            "key": "{{ $current.key }}",
            "index": "{{ $current.index }}",
            "current": "{{ $current }}"
          }
        }
      ]
    },
    "timeCardHistoryTblFirstSelectedRow": {
      "chains": [
        {
          "chainId": "TableFirstSelectedRowChangeChain",
          "parameters": {
            "rowKey": "{{$event.detail.value.key}}",
            "rowData": "{{$event.detail.value.data}}"
          }
        }
      ]
    },
    "vbEnter": {
      "chains": [
        {
          "chainId": "OnVBEnter",
          "parameters": {}
        }
      ]
    }

  },
  "imports": {
    "components": {
      "oj-button": {
        "path": "ojs/ojbutton"
      },
      "oj-input-date": {
        "path": "ojs/ojdatetimepicker"
      },
      "oj-input-number": {
        "path": "ojs/ojinputnumber"
      },
      "oj-input-text": {
        "path": "ojs/ojinputtext"
      },
      "oj-paging-control": {
        "path": "ojs/ojpagingcontrol"
      },
      "oj-table": {
        "path": "ojs/ojtable"
      }

    },
    "modules": {
      "ojValidationDateTime": {
        "path": "ojs/ojvalidation-datetime"
      }
    }
  }
}
