{
  "description": "Navigates to the flow selected in the navigation tab.",
  "variables": {
    "item": {
      "required": true,
      "type": "string",
      "input": "fromCaller"
    },
    "updatedFrom": {
      "type": "string",
      "input": "fromCaller"
    }
  },
  "root": "callFunctionShowLoader",
  "actions": {
    "test": {
      "module": "vb/action/builtin/ifAction",
      "parameters": {
        "condition": "{{ $variables.updatedFrom !== 'external' }}"
      },
      "outcomes": {
        "true": "switch1",
        "false": "callFunctionHideLoader"
      }
    },
    "switch1": {
      "module": "vb/action/builtin/switchAction",
      "outcomes": {
        "create-timecard-start": "navigateToShell",
        "timecard-history-start": "navigateToCreateTimecardCreateTimecardHistoryStart",
        "timecard-templates-start": "navigateToCreateTimecardCreateTimecardTemplateStart",
        "faq-start": "navigateToCreateTimecardCreateTimecardFaqStart"
      },
      "parameters": {
        "caseValue": "{{ $chain.variables.item }}",
        "possibleValues": [
          "create-timecard-start",
          "timecard-history-start",
          "timecard-templates-start",
          "faq-start"
        ]
      }
    },
    "navigateToShell": {
      "module": "vb/action/builtin/navigateAction",
      "parameters": {
        "page": "shell/create-timecard/create-timecard-start"
      }
    },
    "navigateToCreateTimecardCreateTimecardFaqStart": {
      "module": "vb/action/builtin/navigateAction",
      "@dt": {
        "targetType": "flow"
      },
      "parameters": {
        "flow": "create-timecard",
        "page": "create-timecard-faq-start"
      }
    },
    "navigateToCreateTimecardCreateTimecardHistoryStart": {
      "module": "vb/action/builtin/navigateAction",
      "parameters": {
        "flow": "create-timecard",
        "page": "create-timecard-history-start"
      },
      "@dt": {
        "targetType": "flow"
      }
    },
    "navigateToCreateTimecardCreateTimecardTemplateStart": {
      "module": "vb/action/builtin/navigateAction",
      "@dt": {
        "targetType": "flow"
      },
      "parameters": {
        "flow": "create-timecard",
        "page": "create-timecard-template-start"
      }
    },
    "callFunctionShowLoader": {
      "module": "vb/action/builtin/callModuleFunctionAction",
      "parameters": {
        "module": "[[ $application.functions ]]",
        "functionName": "showLoader"
      },
      "outcomes": {
        "success": "test"
      }
    },
    "callFunctionHideLoader": {
      "module": "vb/action/builtin/callModuleFunctionAction",
      "parameters": {
        "module": "[[ $application.functions ]]",
        "functionName": "hideLoader"
      }
    }
  }
}