{

  "root": "assignVariablesWeekEndingDateTch",
  "actions": {

    "assignVariablesWeekEndingDateTch": {
      "module": "vb/action/builtin/assignVariablesAction",
      "parameters": {
        "$application.variables.week_ending_date_tch": {
          "source": "{{ $page.variables.end_date }}"
        },
        "$application.variables.selected_start_date": {
          "source": "{{ $page.variables.t_start_date }}"
        }
      },
      "outcomes": {
        "success": "navigateToCreateTimecardEnterTime"
      }
    },
    "navigateToCreateTimecardEnterTime": {
      "module": "vb/action/builtin/navigateAction",
      "@dt": {
        "targetType": "flow"
      },
      "parameters": {
        "target": "parent",
        "flow": "create-timecard-enter-time",
        "params": {
          "pageCalledFrom": "HISTORY",
          "p_end_date": "{{ $application.variables.week_ending_date_tch }}"
        }
      }
    }
  },
  "variables": {
    "key": {
      "required": true,
      "type": "any",
      "input": "fromCaller"
    },
    "index": {
      "required": true,
      "type": "number",
      "input": "fromCaller"
    },
    "current": {
      "required": true,
      "type": "any",
      "input": "fromCaller"
    }
  }
}