{
  "description": "To get value of Week Ending Date parameter.",
  "root": "assignVariablesSelectedTimeCard",
  "actions": {
    "assignVariablesSelectedTimeCard": {
      "module": "vb/action/builtin/assignVariablesAction",
      "parameters": {
        "$page.variables.selectedTimeCard": {
          "source": "{{ $variables.rowData }}",
          "auto": "always"
        },
        "$variables.rowKey": {
          "source": "{{ $variables.rowKey }}"
        }
      },
      "outcomes": {
        "success": "assignVariablesEndDate"
      }
    },
    "assignVariablesEndDate": {
      "module": "vb/action/builtin/assignVariablesAction",
      "parameters": {
        "$page.variables.end_date": {
          "source": "{{ $page.variables.selectedTimeCard.enddate }}"
        },
        "$page.variables.t_start_date": {
          "source": "{{ $page.variables.selectedTimeCard.startdate }}"
        }
      }
    }
  },
  "variables": {
    "rowKey": {
      "required": true,
      "type": "any",
      "input": "fromCaller"
    },
    "rowData": {
      "required": true,
      "type": "any",
      "input": "fromCaller"
    }
  }
}