[
    {
        "project_id": "300000085442408",
        "project_code": "zTPRGUS02",
        "project_name": "zTPRGUS02 Do not use",
        "project_desc": "PRGUS Funded Capital with Burden",
        "status": "APPROVED",
        "children": [
            {
                "task_id": "300000085442442",
                "task_number": "3.1.1",
                "task_name": "Site Clearance"
            },
            {
                "task_id": "300000085442438",
                "task_number": "3.0",
                "task_name": "Construction"
            },
            {
                "task_id": "300000085442440",
                "task_number": "3.1",
                "task_name": "Ground Work"
            },
            {
                "task_id": "300000085442446",
                "task_number": "3.2",
                "task_name": "Foundations"
            }
        ]
    },
    {
        "project_id": "300000105940201",
        "project_code": "00009801",
        "project_name": "Fire Station Construction, Phase II",
        "project_desc": "Fire Station Construction, Phase II",
        "status": "CLOSED",
        "children": [
            {
                "task_id": "100000173845862",
                "task_number": "2.0",
                "task_name": "Engineering"
            },
            {
                "task_id": "100000173845861",
                "task_number": "1.2",
                "task_name": "Architecture"
            },
            {
                "task_id": "100000173845859",
                "task_number": "1.0",
                "task_name": "Design"
            },
            {
                "task_id": "100000173845860",
                "task_number": "1.1",
                "task_name": "Planning"
            }
        ]
    },
    {
        "project_id": "300000106198345",
        "project_code": "PRGUS Cost Share Template",
        "project_name": "PRGUS Cost Share Template",
        "project_desc": "Template for Progress US Cost Sharing Projects",
        "status": "300000047429590",
        "children": [
            {
                "task_id": "300000106198381",
                "task_number": "4.1",
                "task_name": "Documentation"
            },
            {
                "task_id": "300000106198379",
                "task_number": "4.0",
                "task_name": "Administration"
            },
            {
                "task_id": "300000106198375",
                "task_number": "3.2",
                "task_name": "Plumbing"
            },
            {
                "task_id": "300000106198377",
                "task_number": "3.3",
                "task_name": "Installation"
            }
        ]
    },
    {
        "project_id": "300000108422155",
        "project_code": "PRG00000",
        "project_name": "Internal Cost Share",
        "project_desc": "Internal Cost Share Project",
        "status": "CLOSED",
        "children": [
            {
                "task_id": "100000178736911",
                "task_number": "1.0",
                "task_name": "Design"
            },
            {
                "task_id": "100000178736912",
                "task_number": "1.1",
                "task_name": "Planning"
            },
            {
                "task_id": "100000178736913",
                "task_number": "1.2",
                "task_name": "Architecture"
            },
            {
                "task_id": "100000178736914",
                "task_number": "2.0",
                "task_name": "Engineering"
            }
        ]
    },
    {
        "project_id": "300000164862341",
        "project_code": "00009821",
        "project_name": "Fire Station Construction, Phase IV",
        "project_desc": "Fire Station Construction, Phase IV",
        "status": "APPROVED",
        "children": [
            {
                "task_id": "100000329201811",
                "task_number": "1.0",
                "task_name": "Design"
            },
            {
                "task_id": "100000329201814",
                "task_number": "2.0",
                "task_name": "Engineering"
            },
            {
                "task_id": "100000329201812",
                "task_number": "1.1",
                "task_name": "Planning"
            },
            {
                "task_id": "100000329201813",
                "task_number": "1.2",
                "task_name": "Architecture"
            }
        ]
    },
    {
        "project_id": "300000222201904",
        "project_code": "PI20111",
        "project_name": "US-DIW NextGen Pecos Wolf 2C Well Drilling & Completion",
        "project_desc": "US Internal Capital NextGen Upstream Well Drilling & Completion - no burden ",
        "status": "300000047429590",
        "children": [
            {
                "task_id": "100000608793087",
                "task_number": "PERM.OPWTX.5110.COMP",
                "task_name": "Well Completion"
            },
            {
                "task_id": "100000608793084",
                "task_number": "PERM.OPWTX.5110",
                "task_name": "Permian Assets.WTX.Operated"
            },
            {
                "task_id": "100000608793085",
                "task_number": "PERM.OPWTX.5110.DRILLING",
                "task_name": "Drilling"
            },
            {
                "task_id": "100000608793086",
                "task_number": "PERM.OPWTX.5110.CASING",
                "task_name": "Casing Installation"
            }
        ]
    },
    {
        "project_id": "300000181825337",
        "project_code": "PFIT20001",
        "project_name": "Office Relocation - Central Campus",
        "project_desc": "FITUS Internal Capital no Burden",
        "status": "CLOSED",
        "children": [
            {
                "task_id": "100000549148678",
                "task_number": "2.0",
                "task_name": "Site Acquisition"
            },
            {
                "task_id": "100000549148676",
                "task_number": "1.2",
                "task_name": "Data Evaluation"
            },
            {
                "task_id": "100000549148675",
                "task_number": "1.1",
                "task_name": "Data collection and Research"
            },
            {
                "task_id": "100000549148674",
                "task_number": "1.0",
                "task_name": "Planning"
            }
        ]
    },
    {
        "project_id": "300000126449398",
        "project_code": "PRG00002",
        "project_name": "Green Peace Initiative",
        "project_desc": "PRGUS Capital with Burden (not sponsored)",
        "status": "APPROVED",
        "children": [
            {
                "task_id": "100000211567780",
                "task_number": "4.1",
                "task_name": "Project Management"
            },
            {
                "task_id": "100000211567781",
                "task_number": "4.2",
                "task_name": "Documentation"
            },
            {
                "task_id": "100000211567778",
                "task_number": "3.3",
                "task_name": "Installation"
            },
            {
                "task_id": "100000211567779",
                "task_number": "4.0",
                "task_name": "Administration"
            }
        ]
    },
    {
        "project_id": "300000101469389",
        "project_code": "PRGUS Capital with Burden",
        "project_name": "PRGUS Capital with Burden Budgetary Control",
        "project_desc": "PRGUS Capital with Burden (not sponsored)",
        "status": "APPROVED",
        "children": [
            {
                "task_id": "300000101728105",
                "task_number": "1.1",
                "task_name": "Planning"
            },
            {
                "task_id": "300000101469402",
                "task_number": "1.0",
                "task_name": "Design"
            },
            {
                "task_id": "300000101728107",
                "task_number": "1.2",
                "task_name": "Architecture"
            },
            {
                "task_id": "300000101728129",
                "task_number": "4.2",
                "task_name": "Documentation"
            }
        ]
    },
    {
        "project_id": "300000151479128",
        "project_code": "THCUS03",
        "project_name": "HCUS Capital no burden",
        "project_desc": "Use for Healthcare US Capital no burden",
        "status": "APPROVED",
        "children": [
            {
                "task_id": "300000158420069",
                "task_number": "1.1",
                "task_name": "Planning"
            },
            {
                "task_id": "300000158420072",
                "task_number": "1.2",
                "task_name": "Architecture"
            },
            {
                "task_id": "300000158420066",
                "task_number": "1.0",
                "task_name": "Design"
            },
            {
                "task_id": "300000158420075",
                "task_number": "2.0",
                "task_name": "Construction"
            }
        ]
    },
    {
        "project_id": "300000222202015",
        "project_code": "PI20120",
        "project_name": "US-DIW NextGen Pecos Wolf Ops Facility-Storage Tanks & Separator",
        "project_desc": "US Internal Capital Upstream Separator & Storage Tanks Project Template - Capital no Burden",
        "status": "300000047429590",
        "children": [
            {
                "task_id": "100000608810539",
                "task_number": "8.60",
                "task_name": "Transformers"
            },
            {
                "task_id": "100000608810538",
                "task_number": "8.50",
                "task_name": "Control Systems Software"
            },
            {
                "task_id": "100000608810540",
                "task_number": "1.0",
                "task_name": "Land and Right of Way"
            },
            {
                "task_id": "100000608810541",
                "task_number": "1.10",
                "task_name": "Easement and Leases"
            }
        ]
    },
    {
        "project_id": "300000222093066",
        "project_code": "TIS10025",
        "project_name": "US Internal Capital Upstream Well Pad Construction Template",
        "project_desc": "US Internal Capital Upstream Well Pad Construction Project Template ",
        "status": "300000047429590",
        "children": [
            {
                "task_id": "100000608704925",
                "task_number": "8.10",
                "task_name": "Utility Access Agreement"
            },
            {
                "task_id": "100000608704924",
                "task_number": "8.0",
                "task_name": "Pad Generator & Control Systems"
            },
            {
                "task_id": "100000608704929",
                "task_number": "8.60",
                "task_name": "Pad Generator and Solar Collectors"
            },
            {
                "task_id": "100000608704923",
                "task_number": "7.0",
                "task_name": "Pad Vapor Recovery Unit"
            }
        ]
    },
    {
        "project_id": "300000222201867",
        "project_code": "PI20110",
        "project_name": "US-DIW NextGen Pecos Wolf 2B Well Drilling & Completion",
        "project_desc": "US Internal Capital NextGen Upstream Well Drilling & Completion - no burden ",
        "status": "300000047429590",
        "children": [
            {
                "task_id": "100000608789750",
                "task_number": "PERM.OPWTX.5110.CASING",
                "task_name": "Casing Installation"
            },
            {
                "task_id": "100000608789748",
                "task_number": "PERM.OPWTX.5110",
                "task_name": "Permian Assets.WTX.Operated"
            },
            {
                "task_id": "100000608789751",
                "task_number": "PERM.OPWTX.5110.COMP",
                "task_name": "Well Completion"
            },
            {
                "task_id": "100000608789749",
                "task_number": "PERM.OPWTX.5110.DRILLING",
                "task_name": "Drilling"
            }
        ]
    },
    {
        "project_id": "100000557533824",
        "project_code": "100000557533824",
        "project_name": "US-DIW NextGen Midstream Cap Project Template",
        "project_desc": "US-DIW NextGen Midstream Cap Project Template",
        "status": "300000047429590",
        "children": [
            {
                "task_id": "300000195929836",
                "task_number": "1.40",
                "task_name": "Survey"
            },
            {
                "task_id": "300000195929821",
                "task_number": "1.0",
                "task_name": "Land and Right of Way"
            },
            {
                "task_id": "300000195929833",
                "task_number": "1.30",
                "task_name": "Land and Land rights"
            },
            {
                "task_id": "300000195929830",
                "task_number": "1.20",
                "task_name": "Legal"
            }
        ]
    },
    {
        "project_id": "300000137023089",
        "project_code": "PRG00003",
        "project_name": "Internal Cost Share - II",
        "project_desc": "Internal Cost Share Project",
        "status": "CLOSED",
        "children": [
            {
                "task_id": "100000220010910",
                "task_number": "1.1",
                "task_name": "Planning"
            },
            {
                "task_id": "100000220010911",
                "task_number": "1.2",
                "task_name": "Architecture"
            },
            {
                "task_id": "100000220010912",
                "task_number": "2.0",
                "task_name": "Engineering"
            },
            {
                "task_id": "100000220010909",
                "task_number": "1.0",
                "task_name": "Design"
            }
        ]
    },
    {
        "project_id": "300000069461170",
        "project_code": "PI20005",
        "project_name": "Global Network Tower Construction",
        "project_desc": "US Internal Billable Capital no Burden",
        "status": "CLOSED",
        "children": [
            {
                "task_id": "300000069461185",
                "task_number": "5.0",
                "task_name": "Project Management"
            },
            {
                "task_id": "300000069461184",
                "task_number": "6.0",
                "task_name": "Support and Maintenance"
            },
            {
                "task_id": "300000069461183",
                "task_number": "2.0",
                "task_name": "Design"
            },
            {
                "task_id": "300000069461186",
                "task_number": "3.0",
                "task_name": "Construction"
            }
        ]
    },
    {
        "project_id": "300000069460922",
        "project_code": "TIS10001",
        "project_name": "US Internal Billable Capital no Burden",
        "project_desc": "US Internal Billable Capital no Burden",
        "status": "APPROVED",
        "children": [
            {
                "task_id": "300000069460965",
                "task_number": "4.0",
                "task_name": "Install Equipment"
            },
            {
                "task_id": "300000069460957",
                "task_number": "2.2",
                "task_name": "Design Review"
            },
            {
                "task_id": "300000069460963",
                "task_number": "3.2",
                "task_name": "Construct Third Party Sections"
            },
            {
                "task_id": "300000069460955",
                "task_number": "2.1",
                "task_name": "Permits and Purchases"
            }
        ]
    },
    {
        "project_id": "300000085442106",
        "project_code": "zTPRGUS01",
        "project_name": "zTPRGUS01 do not use",
        "project_desc": "PRGUS Funded Capital no burden",
        "status": "APPROVED",
        "children": [
            {
                "task_id": "300000085442145",
                "task_number": "6.0",
                "task_name": "Project Management Expenses"
            },
            {
                "task_id": "300000085442151",
                "task_number": "3.1",
                "task_name": "Ground Work"
            },
            {
                "task_id": "300000085442143",
                "task_number": "5.0",
                "task_name": "Site Closedown"
            },
            {
                "task_id": "300000085442141",
                "task_number": "4.0",
                "task_name": "Safety Inspection"
            }
        ]
    },
    {
        "project_id": "300000108422140",
        "project_code": "PRG00004",
        "project_name": "130th Street Reservoir",
        "project_desc": "Reservoir Construction",
        "status": "CLOSED",
        "children": [
            {
                "task_id": "100000178736866",
                "task_number": "3.3",
                "task_name": "Installation"
            },
            {
                "task_id": "100000178736868",
                "task_number": "1.1",
                "task_name": "Planning"
            },
            {
                "task_id": "100000178736869",
                "task_number": "4.1",
                "task_name": "Documentation"
            },
            {
                "task_id": "100000178736867",
                "task_number": "1.0",
                "task_name": "Design"
            }
        ]
    },
    {
        "project_id": "300000108006121",
        "project_code": "00009871",
        "project_name": "124th Street Resevoir Construction",
        "project_desc": "Use for Progress US Sponsored Capital",
        "status": "CLOSED",
        "children": [
            {
                "task_id": "100000174679332",
                "task_number": "1.0",
                "task_name": "Design"
            },
            {
                "task_id": "100000174679333",
                "task_number": "1.1",
                "task_name": "Planning"
            },
            {
                "task_id": "100000174679335",
                "task_number": "2.0",
                "task_name": "Engineering"
            },
            {
                "task_id": "100000174679334",
                "task_number": "1.2",
                "task_name": "Architecture"
            }
        ]
    },
    {
        "project_id": "300000158420379",
        "project_code": "HC1001",
        "project_name": "Allied Hospital Construction",
        "project_desc": "Allied Hospital Construction",
        "status": "APPROVED",
        "children": [
            {
                "task_id": "100000291167070",
                "task_number": "2.3.1",
                "task_name": "Plumbing & Electrical"
            },
            {
                "task_id": "100000291167071",
                "task_number": "2.3.2",
                "task_name": "HVAC"
            },
            {
                "task_id": "100000291167069",
                "task_number": "2.3",
                "task_name": "Mechanical and Electrical"
            },
            {
                "task_id": "100000291167072",
                "task_number": "3.0",
                "task_name": "Finishing"
            }
        ]
    },
    {
        "project_id": "300000222201941",
        "project_code": "PI20112",
        "project_name": "US-DIW NextGen Pecos Wolf 2D Well Drilling & Completion",
        "project_desc": "US Internal Capital NextGen Upstream Well Drilling & Completion - no burden ",
        "status": "300000047429590",
        "children": [
            {
                "task_id": "100000608801536",
                "task_number": "PERM.OPWTX.5110.CASING",
                "task_name": "Casing Installation"
            },
            {
                "task_id": "100000608801535",
                "task_number": "PERM.OPWTX.5110.DRILLING",
                "task_name": "Drilling"
            },
            {
                "task_id": "100000608801537",
                "task_number": "PERM.OPWTX.5110.COMP",
                "task_name": "Well Completion"
            },
            {
                "task_id": "100000608801534",
                "task_number": "PERM.OPWTX.5110",
                "task_name": "Permian Assets.WTX.Operated"
            }
        ]
    },
    {
        "project_id": "300000195965271",
        "project_code": "TIS10008",
        "project_name": "US Internal Billable Capital no Burden with Updated RBS",
        "project_desc": "US Internal Billable Capital no Burden with Updated RBS",
        "status": "300000047429590",
        "children": [
            {
                "task_id": "100000557571230",
                "task_number": "1.0",
                "task_name": "Planning"
            },
            {
                "task_id": "100000557571231",
                "task_number": "2.0",
                "task_name": "Design"
            },
            {
                "task_id": "100000557571232",
                "task_number": "2.1",
                "task_name": "Permits and Purchases"
            },
            {
                "task_id": "100000557571233",
                "task_number": "2.2",
                "task_name": "Design Review"
            }
        ]
    },
    {
        "project_id": "300000164038712",
        "project_code": "TUNIVUS03",
        "project_name": "UNIVUS Capital with Burden Budgetary Control",
        "project_desc": "UNIVUS Capital with Burden (not Sponsored)",
        "status": "APPROVED",
        "children": [
            {
                "task_id": "100000310268736",
                "task_number": "1.2",
                "task_name": "Architecture"
            },
            {
                "task_id": "100000310268734",
                "task_number": "1.0",
                "task_name": "Design"
            },
            {
                "task_id": "100000310268735",
                "task_number": "1.1",
                "task_name": "Planning"
            },
            {
                "task_id": "100000310268737",
                "task_number": "2.0",
                "task_name": "Engineering"
            }
        ]
    },
    {
        "project_id": "300000173057024",
        "project_code": "THCUS05",
        "project_name": "HCUS Capital with burden on same Expenditure Item",
        "project_desc": "Use for Healthcare US Capital with burden on same Expenditure Item",
        "status": "APPROVED",
        "children": [
            {
                "task_id": "100000368446035",
                "task_number": "4.2",
                "task_name": "Reporting"
            },
            {
                "task_id": "100000368446023",
                "task_number": "1.2",
                "task_name": "Architecture"
            },
            {
                "task_id": "100000368446021",
                "task_number": "1.0",
                "task_name": "Design"
            },
            {
                "task_id": "100000368446024",
                "task_number": "2.0",
                "task_name": "Construction"
            }
        ]
    },
    {
        "project_id": "300000183006224",
        "project_code": "TFITR10001",
        "project_name": "FITUS Billable no Burden",
        "status": "300000047429590",
        "children": [
            {
                "task_id": "300000183006287",
                "task_number": "2",
                "task_name": "Design Phase"
            },
            {
                "task_id": "300000183006283",
                "task_number": "1",
                "task_name": "Pre project planning"
            },
            {
                "task_id": "300000183006290",
                "task_number": "2.1",
                "task_name": "Predesign and validation"
            },
            {
                "task_id": "300000183006293",
                "task_number": "2.2",
                "task_name": "Schematic Design"
            }
        ]
    },
    {
        "project_id": "300000183144820",
        "project_code": "PFITR10009",
        "project_name": "Steel Fitness Design & Installation",
        "status": "300000047429590",
        "children": [
            {
                "task_id": "100000549547312",
                "task_number": "2.1",
                "task_name": "Predesign and validation"
            },
            {
                "task_id": "100000549547311",
                "task_number": "2",
                "task_name": "Design Phase"
            },
            {
                "task_id": "100000549547313",
                "task_number": "2.2",
                "task_name": "Schematic Design"
            },
            {
                "task_id": "100000549547310",
                "task_number": "1",
                "task_name": "Pre project planning"
            }
        ]
    },
    {
        "project_id": "300000088111170",
        "project_code": "PRGUS Sponsored Capital",
        "project_name": "PRGUS Sponsored Capital",
        "project_desc": "Use for Progress US Sponsored Capital",
        "status": "APPROVED",
        "children": [
            {
                "task_id": "300000088111200",
                "task_number": "3.0",
                "task_name": "Construction"
            },
            {
                "task_id": "300000088111204",
                "task_number": "3.2",
                "task_name": "Plumbing"
            },
            {
                "task_id": "300000088111206",
                "task_number": "3.3",
                "task_name": "Installation"
            },
            {
                "task_id": "300000088111202",
                "task_number": "3.1",
                "task_name": "Electrical"
            }
        ]
    },
    {
        "project_id": "300000088111273",
        "project_code": "00009901",
        "project_name": "Fire Station Construction, Phase I",
        "project_desc": "Fire Station Construction - 7201 W. 15th Ave.",
        "status": "CLOSED",
        "children": [
            {
                "task_id": "100000162673114",
                "task_number": "2.0",
                "task_name": "Engineering"
            },
            {
                "task_id": "100000162673113",
                "task_number": "1.2",
                "task_name": "Architecture"
            },
            {
                "task_id": "100000162673111",
                "task_number": "1.0",
                "task_name": "Design"
            },
            {
                "task_id": "100000162673112",
                "task_number": "1.1",
                "task_name": "Planning"
            }
        ]
    },
    {
        "project_id": "300000102430106",
        "project_code": "PI20015",
        "project_name": "Global Network Security Design",
        "project_desc": "US Internal Billable Capital no Burden",
        "status": "CLOSED",
        "children": [
            {
                "task_id": "100000172676844",
                "task_number": "5.0",
                "task_name": "Project Management"
            },
            {
                "task_id": "100000172676842",
                "task_number": "2.0",
                "task_name": "Design"
            },
            {
                "task_id": "100000172676845",
                "task_number": "3.0",
                "task_name": "Construction"
            },
            {
                "task_id": "100000172676843",
                "task_number": "6.0",
                "task_name": "Support and Maintenance"
            }
        ]
    },
    {
        "project_id": "300000108006174",
        "project_code": "PRG00001",
        "project_name": "Emergency Response Facility",
        "project_desc": "PRGUS Capital with Burden (not sponsored)",
        "status": "CLOSED",
        "children": [
            {
                "task_id": "100000174682070",
                "task_number": "1.2",
                "task_name": "Architecture"
            },
            {
                "task_id": "100000174682068",
                "task_number": "1.0",
                "task_name": "Design"
            },
            {
                "task_id": "100000174682071",
                "task_number": "2.0",
                "task_name": "Engineering"
            },
            {
                "task_id": "100000174682069",
                "task_number": "1.1",
                "task_name": "Planning"
            }
        ]
    },
    {
        "project_id": "300000131176122",
        "project_code": "00009891",
        "project_name": "Camera Installation - Phase II",
        "project_desc": "Fire Station Construction",
        "status": "CLOSED",
        "children": [
            {
                "task_id": "100000219453106",
                "task_number": "4.0",
                "task_name": "Execution"
            },
            {
                "task_id": "100000219453104",
                "task_number": "2.0",
                "task_name": "Training"
            },
            {
                "task_id": "100000219453105",
                "task_number": "3.0",
                "task_name": "Material"
            },
            {
                "task_id": "100000219453103",
                "task_number": "1.0",
                "task_name": "Planning"
            }
        ]
    },
    {
        "project_id": "300000214900984",
        "project_code": "HC1008",
        "project_name": "Executive Department Extention",
        "project_desc": "Fairview Clinic Renovation with burden and budgetary control",
        "status": "APPROVED",
        "children": [
            {
                "task_id": "100000604077390",
                "task_number": "1.0",
                "task_name": "Design"
            },
            {
                "task_id": "100000604077391",
                "task_number": "1.1",
                "task_name": "Planning"
            },
            {
                "task_id": "100000604077392",
                "task_number": "1.2",
                "task_name": "Architecture"
            },
            {
                "task_id": "100000604077393",
                "task_number": "2.0",
                "task_name": "Construction"
            }
        ]
    },
    {
        "project_id": "300000185092167",
        "project_code": "TCSINCP001",
        "project_name": "IN Billable no burden - Capital",
        "project_desc": "Billable Capital no Burden",
        "status": "300000047429590",
        "children": [
            {
                "task_id": "100000551261816",
                "task_number": "2.0",
                "task_name": "Design"
            },
            {
                "task_id": "100000551261818",
                "task_number": "2.2",
                "task_name": "Design Review"
            },
            {
                "task_id": "100000551261815",
                "task_number": "1.0",
                "task_name": "Planning"
            },
            {
                "task_id": "100000551261817",
                "task_number": "2.1",
                "task_name": "Permits and Purchases"
            }
        ]
    },
    {
        "project_id": "300000141921783",
        "project_code": "PI20006",
        "project_name": "Global Network Technology Services",
        "project_desc": "US Internal Billable Capital no Burden",
        "status": "CLOSED",
        "children": [
            {
                "task_id": "100000223010975",
                "task_number": "5.0",
                "task_name": "Project Management"
            },
            {
                "task_id": "100000223010976",
                "task_number": "3.0",
                "task_name": "Construction"
            },
            {
                "task_id": "100000223010974",
                "task_number": "6.0",
                "task_name": "Support and Maintenance"
            },
            {
                "task_id": "100000223010973",
                "task_number": "2.0",
                "task_name": "Design"
            }
        ]
    },
    {
        "project_id": "300000181137226",
        "project_code": "TFITI10002",
        "project_name": "FITUS Internal Capital no Burden",
        "project_desc": "FITUS Internal Capital no Burden",
        "status": "300000047429590",
        "children": [
            {
                "task_id": "100000549018612",
                "task_number": "1.3",
                "task_name": "Documentation"
            },
            {
                "task_id": "100000549018632",
                "task_number": "5.0",
                "task_name": "Project Management"
            },
            {
                "task_id": "100000549018609",
                "task_number": "1.0",
                "task_name": "Planning"
            },
            {
                "task_id": "100000549018611",
                "task_number": "1.2",
                "task_name": "Data Evaluation"
            }
        ]
    },
    {
        "project_id": "300000214900427",
        "project_code": "PI20033",
        "project_name": "Global Network Technology Solutions",
        "project_desc": "US Internal Billable Capital no Burden",
        "status": "APPROVED",
        "children": [
            {
                "task_id": "100000604017689",
                "task_number": "3.0",
                "task_name": "Construction"
            },
            {
                "task_id": "100000604017688",
                "task_number": "5.0",
                "task_name": "Project Management"
            },
            {
                "task_id": "100000604017687",
                "task_number": "6.0",
                "task_name": "Support and Maintenance"
            },
            {
                "task_id": "100000604017686",
                "task_number": "2.0",
                "task_name": "Design"
            }
        ]
    },
    {
        "project_id": "300000085442952",
        "project_code": "PRGUS001",
        "project_name": "Water Reservoir Construction",
        "project_desc": "PRGUS Funded Capital no burden",
        "status": "CLOSED",
        "children": [
            {
                "task_id": "100000162443220",
                "task_number": "3.2",
                "task_name": "Foundations"
            },
            {
                "task_id": "100000162443217",
                "task_number": "3.1",
                "task_name": "Ground Work"
            },
            {
                "task_id": "100000162443221",
                "task_number": "3.3",
                "task_name": "Build"
            },
            {
                "task_id": "100000162443218",
                "task_number": "3.1.1",
                "task_name": "Site Clearance"
            }
        ]
    },
    {
        "project_id": "300000085590798",
        "project_code": "00009881",
        "project_name": "Security Station Construction",
        "status": "CLOSED",
        "children": [
            {
                "task_id": "100000162474916",
                "task_number": "1",
                "task_name": "1"
            }
        ]
    },
    {
        "project_id": "300000085590833",
        "project_code": "00009889",
        "project_name": "Camera Installation",
        "project_desc": "Fire Station Construction",
        "status": "CLOSED",
        "children": [
            {
                "task_id": "300000085723152",
                "task_number": "3",
                "task_name": "Installation"
            },
            {
                "task_id": "100000162476199",
                "task_number": "1",
                "task_name": "Design"
            },
            {
                "task_id": "300000085723150",
                "task_number": "2",
                "task_name": "Electrical"
            },
            {
                "task_id": "300000085723154",
                "task_number": "4",
                "task_name": "Testing"
            }
        ]
    },
    {
        "project_id": "300000151479087",
        "project_code": "THCUS02",
        "project_name": "HCUS Capital with burden",
        "project_desc": "Use for Healthcare US Capital with burden",
        "status": "APPROVED",
        "children": [
            {
                "task_id": "300000158298831",
                "task_number": "2.0",
                "task_name": "Construction"
            },
            {
                "task_id": "300000158298834",
                "task_number": "2.1",
                "task_name": "Foundation"
            },
            {
                "task_id": "300000158298837",
                "task_number": "2.2",
                "task_name": "Building Shell"
            },
            {
                "task_id": "300000158299318",
                "task_number": "4.0",
                "task_name": "Project Management"
            }
        ]
    },
    {
        "project_id": "300000212551369",
        "project_code": "PFIT20011",
        "project_name": "Office Expansion - Main Campus",
        "project_desc": "FITUS Internal Capital no Burden",
        "status": "300000047429590",
        "children": [
            {
                "task_id": "100000603641735",
                "task_number": "1.0",
                "task_name": "Planning"
            },
            {
                "task_id": "100000603641736",
                "task_number": "1.1",
                "task_name": "Data collection and Research"
            },
            {
                "task_id": "100000603641739",
                "task_number": "2.0",
                "task_name": "Site Acquisition"
            },
            {
                "task_id": "100000603641740",
                "task_number": "2.1",
                "task_name": "Site Evaluation"
            }
        ]
    },
    {
        "project_id": "300000222201978",
        "project_code": "PI20113",
        "project_name": "US-DIW NextGen Pecos Wolf 2E Well Drilling & Completion",
        "project_desc": "US Internal Capital NextGen Upstream Well Drilling & Completion - no burden ",
        "status": "300000047429590",
        "children": [
            {
                "task_id": "100000608806004",
                "task_number": "PERM.OPWTX.5110",
                "task_name": "Permian Assets.WTX.Operated"
            },
            {
                "task_id": "100000608806005",
                "task_number": "PERM.OPWTX.5110.DRILLING",
                "task_name": "Drilling"
            },
            {
                "task_id": "100000608806006",
                "task_number": "PERM.OPWTX.5110.CASING",
                "task_name": "Casing Installation"
            },
            {
                "task_id": "100000608806007",
                "task_number": "PERM.OPWTX.5110.COMP",
                "task_name": "Well Completion"
            }
        ]
    },
    {
        "project_id": "300000185092346",
        "project_code": "TISIN10001",
        "project_name": "IN Internal Billable Capital no Burden",
        "project_desc": "IN Internal Billable Capital no Burden",
        "status": "300000047429590",
        "children": [
            {
                "task_id": "100000551264279",
                "task_number": "6.0",
                "task_name": "Support and Maintenance"
            },
            {
                "task_id": "100000551264277",
                "task_number": "4.2",
                "task_name": "Install Third Party Equipment"
            },
            {
                "task_id": "100000551264278",
                "task_number": "5.0",
                "task_name": "Project Management"
            },
            {
                "task_id": "100000551264276",
                "task_number": "4.1",
                "task_name": "Install Internal Equipment"
            }
        ]
    },
    {
        "project_id": "300000085590814",
        "project_code": "00009882",
        "project_name": "Police Training Facility Construction",
        "status": "CLOSED",
        "children": [
            {
                "task_id": "100000162474931",
                "task_number": "1",
                "task_name": "1"
            }
        ]
    },
    {
        "project_id": "300000085573140",
        "project_code": "00009880",
        "project_name": "Fire Station Construction",
        "project_desc": "Fire Station Construction",
        "status": "CLOSED",
        "children": [
            {
                "task_id": "100000162455464",
                "task_number": "1",
                "task_name": "1"
            }
        ]
    },
    {
        "project_id": "300000162773855",
        "project_code": "HC1002",
        "project_name": "Fairview Clinic Renovation",
        "project_desc": "Fairview Clinic Renovation with burden and budgetary control",
        "status": "APPROVED",
        "children": [
            {
                "task_id": "100000310146833",
                "task_number": "4.1",
                "task_name": "Administration"
            },
            {
                "task_id": "100000310146832",
                "task_number": "4.0",
                "task_name": "Project Management"
            },
            {
                "task_id": "100000310146834",
                "task_number": "4.2",
                "task_name": "Reporting"
            },
            {
                "task_id": "100000310146820",
                "task_number": "1.0",
                "task_name": "Design"
            }
        ]
    },
    {
        "project_id": "300000222201820",
        "project_code": "PI20105",
        "project_name": "US-DIW NextGen Pecos Wolf Well Pad Design & Construction",
        "project_desc": "US Internal Capital Upstream Well Pad Construction Project Template ",
        "status": "300000047429590",
        "children": [
            {
                "task_id": "100000608788684",
                "task_number": "4.0",
                "task_name": "Pad Processing Plant and Storage Tanks Design"
            },
            {
                "task_id": "100000608788679",
                "task_number": "3.0",
                "task_name": "Pad Surface Flowlines and Flaring Sysem"
            },
            {
                "task_id": "100000608788719",
                "task_number": "10.40",
                "task_name": "AFUDC - Capitalized Interest"
            },
            {
                "task_id": "100000608788720",
                "task_number": "10.50",
                "task_name": "Project Administration and External Project Management"
            }
        ]
    },
    {
        "project_id": "300000222104692",
        "project_code": "TIS10020",
        "project_name": "US_Internal_Capital_Upstream_Well_Drilling_and_Completion_no_burden",
        "project_desc": "US Internal Capital NextGen Upstream Well Drilling & Completion - no burden ",
        "status": "300000047429590",
        "children": [
            {
                "task_id": "300000222776401",
                "task_number": "PERM.OPWTX.5110.Drilling.WP1000",
                "task_name": "WP1000 Drilling Rig Activities"
            },
            {
                "task_id": "300000222776399",
                "task_number": "PERM.OPWTX.5110.DRILL.RIG",
                "task_name": "Drilling Rig Activities"
            },
            {
                "task_id": "300000222776397",
                "task_number": "PERM.OPWTX.5110.DRILLING",
                "task_name": "Drilling"
            },
            {
                "task_id": "300000222776395",
                "task_number": "PERM.OPWTX.5110",
                "task_name": "Permian Assets.WTX.Operated"
            }
        ]
    },
    {
        "project_id": "300000202296404",
        "project_code": "PRG00006",
        "project_name": "Green Peace Engineering",
        "project_desc": "PRGUS Capital with Burden (not sponsored)",
        "status": "APPROVED",
        "children": [
            {
                "task_id": "100000584452495",
                "task_number": "4.2",
                "task_name": "Documentation"
            },
            {
                "task_id": "100000584452493",
                "task_number": "4.0",
                "task_name": "Administration"
            },
            {
                "task_id": "100000584452494",
                "task_number": "4.1",
                "task_name": "Project Management"
            },
            {
                "task_id": "100000584452492",
                "task_number": "3.3",
                "task_name": "Installation"
            }
        ]
    },
    {
        "project_id": "300000164038750",
        "project_code": "TUNIVUS04",
        "project_name": "UNIVUS Sponsored Capital",
        "project_desc": "Use for University US Sponsored Capital",
        "status": "APPROVED",
        "children": [
            {
                "task_id": "100000310268826",
                "task_number": "2.0",
                "task_name": "Engineering"
            },
            {
                "task_id": "100000310268825",
                "task_number": "1.2",
                "task_name": "Architecture"
            },
            {
                "task_id": "100000310268827",
                "task_number": "2.1",
                "task_name": "Mechanical Engineering"
            },
            {
                "task_id": "100000310268823",
                "task_number": "1.0",
                "task_name": "Design"
            }
        ]
    },
    {
        "project_id": "300000177756149",
        "project_code": "PI20020",
        "project_name": "Global Network Security Services",
        "project_desc": "US Internal Billable Capital no Burden",
        "status": "CLOSED",
        "children": [
            {
                "task_id": "100000375080548",
                "task_number": "2.0",
                "task_name": "Design"
            },
            {
                "task_id": "100000375080550",
                "task_number": "5.0",
                "task_name": "Project Management"
            },
            {
                "task_id": "100000375080551",
                "task_number": "3.0",
                "task_name": "Construction"
            },
            {
                "task_id": "100000375080549",
                "task_number": "6.0",
                "task_name": "Support and Maintenance"
            }
        ]
    },
    {
        "project_id": "300000105606105",
        "project_code": "TCSCP001",
        "project_name": "US Billable no burden - Capital",
        "project_desc": "Billable Capital no Burden",
        "status": "APPROVED",
        "children": [
            {
                "task_id": "100000173657156",
                "task_number": "2.1",
                "task_name": "Permits and Purchases"
            },
            {
                "task_id": "100000173657154",
                "task_number": "1.0",
                "task_name": "Planning"
            },
            {
                "task_id": "100000173657155",
                "task_number": "2.0",
                "task_name": "Design"
            },
            {
                "task_id": "100000173657157",
                "task_number": "2.2",
                "task_name": "Design Review"
            }
        ]
    },
    {
        "project_id": "300000105940216",
        "project_code": "00009701",
        "project_name": "Fire Station Construction, Phase III",
        "project_desc": "Fire Station Construction, Phase III",
        "status": "CLOSED",
        "children": [
            {
                "task_id": "100000173845914",
                "task_number": "2.0",
                "task_name": "Engineering"
            },
            {
                "task_id": "100000173845913",
                "task_number": "1.2",
                "task_name": "Architecture"
            },
            {
                "task_id": "100000173845912",
                "task_number": "1.1",
                "task_name": "Planning"
            },
            {
                "task_id": "100000173845911",
                "task_number": "1.0",
                "task_name": "Design"
            }
        ]
    },
    {
        "project_id": "300000165933837",
        "project_code": "CAP10001",
        "project_name": "Justice Center",
        "project_desc": "Use for Progress US Sponsored Capital",
        "status": "APPROVED",
        "children": [
            {
                "task_id": "300000168546254",
                "task_number": "2.3",
                "task_name": "Engineering Inspection"
            },
            {
                "task_id": "100000348280960",
                "task_number": "2.1",
                "task_name": "Mechanical Engineering"
            },
            {
                "task_id": "100000348280961",
                "task_number": "2.2",
                "task_name": "Civil Engineering"
            },
            {
                "task_id": "100000348280956",
                "task_number": "1.0",
                "task_name": "Design"
            }
        ]
    },
    {
        "project_id": "300000137023072",
        "project_code": "PRG00005",
        "project_name": "130th Street Reservoir - Phase II",
        "project_desc": "Reservoir Construction",
        "status": "CLOSED",
        "children": [
            {
                "task_id": "100000220010852",
                "task_number": "4.0",
                "task_name": "Administration"
            },
            {
                "task_id": "100000220010851",
                "task_number": "3.3",
                "task_name": "Installation"
            },
            {
                "task_id": "100000220010853",
                "task_number": "4.1",
                "task_name": "Documentation"
            },
            {
                "task_id": "100000220010854",
                "task_number": "4.2",
                "task_name": "Project Management"
            }
        ]
    },
    {
        "project_id": "300000195929810",
        "project_code": "PI20070",
        "project_name": "US-DIW NextGen Midstream Pipeline WestTex Expansion Cap",
        "project_desc": "Billable Capital no Burden",
        "status": "300000047429590",
        "children": [
            {
                "task_id": "100000557533843",
                "task_number": "2.20",
                "task_name": "Buildings / Shelters"
            },
            {
                "task_id": "100000557533847",
                "task_number": "3.10",
                "task_name": "Pipe-Main line"
            },
            {
                "task_id": "100000557533848",
                "task_number": "3.20",
                "task_name": "Main Line - Fittings and Valves"
            },
            {
                "task_id": "100000557533846",
                "task_number": "3.0",
                "task_name": "Main and Feeder Lines"
            }
        ]
    },
    {
        "project_id": "300000222126483",
        "project_code": "TIS10030",
        "project_name": "US Internal Capital Upstream Separator & Storage Tanks Project Template",
        "project_desc": "US Internal Capital Upstream Separator & Storage Tanks Project Template - Capital no Burden",
        "status": "300000047429590",
        "children": [
            {
                "task_id": "300000222133861",
                "task_number": "8.30",
                "task_name": "Motor Controller"
            },
            {
                "task_id": "300000222133813",
                "task_number": "4.40",
                "task_name": "Outbound Gas Lines"
            },
            {
                "task_id": "100000608766898",
                "task_number": "7.10",
                "task_name": "Dehydration"
            },
            {
                "task_id": "300000222133810",
                "task_number": "4.30",
                "task_name": "Outbound Liquids Lines"
            }
        ]
    }
]