{
  "description": "",
  "routerFlow": "create-timecard",
  "variables": {
    "navDataSource": {
      "type": "vb/ArrayDataProvider2",
      "description": "The model describing the flows in the app",
      "defaultValue": {
        "keyAttributes": "id",
        "data": "{{ $variables.navItemArray }}"      }
    },
    "messagesADP": {
      "type": "vb/ArrayDataProvider2",
      "defaultValue": {
        "keyAttributes": "id",
        "itemType": "page:messageType"
      }
    },
    "navItemArray": {
      "type": "navItemType[]",
      "defaultValue": [
        {
          "name": "Create Timecard",
          "id": "create-timecard-start"
        },
        {
          "name": "Timecard History",
          "id": "timecard-history-start"
        },
        {
          "name": "Timecard Templates",
          "id": "timecard-templates-start"
        },
        {
          "name": "FAQ",
          "id": "faq-start"
        }
      ]
    }
  },
  "metadata": {},
  "types": {
    "messageType": {
      "id": "string",
      "severity": "string",
      "category": "string",
      "summary": "string",
      "detail": "string",
      "timestamp": "string",
      "autoTimeout": "number"
    },
    "navItemType": {
      "id": "string",
      "name": "string"
    }
  },
  "chains": {
    "closeNotificationHandler": {
      "description": "Removes the notification message when its dismiss gesture has been invoked.",
      "variables": {
        "eventMessage": {
          "type": "messageType",
          "input": "fromCaller"
        }
      },
      "root": "removeMessage",
      "actions": {
        "removeMessage": {
          "module": "vb/action/builtin/fireDataProviderEventAction",
          "parameters": {
            "target": "{{ $page.variables.messagesADP }}",
            "remove": {
              "keys": "{{ [ $variables.eventMessage.id ] }}"
            }
          }
        }
      }
    },
    "showNotification": {
      "description": "Displays notifications sent by the Fire Notification action using the oj-messages component on this page.",
      "variables": {
        "eventPayload": {
          "type": "messageType",
          "input": "fromCaller"
        }
      },
      "root": "displayMessage",
      "actions": {
        "displayMessage": {
          "module": "vb/action/builtin/fireDataProviderEventAction",
          "parameters": {
            "target": "{{ $page.variables.messagesADP }}",
            "add": {
              "data": "{{ [ $chain.variables.eventPayload ] }}"
            }
          }
        }
      }
    }
  },
  "eventListeners": {
    "application:navigateToItem": {
      "chains": [
        {
          "chainId": "navigationHandler",
          "parameters": {
            "item": "{{ $event.item }}"
          }
        }
      ]
    },
    "companyLogoClick": {
      "chains": [
        {
          "chainId": "ImageClickChain"
        }
      ]
    },
    "vbNotification": {
      "chains": [
        {
          "chainId": "showNotification",
          "parameters": {
            "eventPayload": "{{ { id: $event.key, summary: $event.summary, detail: $event.message, severity: $event.type, autoTimeout: $event.displayMode === 'transient' ? 0 : -1 } }}"
          }
        }
      ]
    },
    "onNavigation": {
      "chains": [
        {
          "chainId": "navigationHandler",
          "parameters": {
            "item": "{{ $event.detail.value }}",
            "updatedFrom": "{{ $event.detail.updatedFrom }}"
          }
        }
      ]
    },
    "onMessageClose": {
      "chains": [
        {
          "chainId": "closeNotificationHandler",
          "parameters": {
            "eventMessage": "{{ $event.detail.message }}"
          }
        }
      ]
    }

  },
  "imports": {
    "components": {
      "oj-highlight-text": {
        "path": "ojs/ojhighlighttext"
      },
      "oj-messages": {
        "path": "ojs/ojmessages"
      },
      "oj-menu": {
        "path": "ojs/ojmenu"
      },
      "oj-menu-button": {
        "path": "ojs/ojbutton"
      },
      "oj-option": {
        "path": "ojs/ojoption"
      },
      "oj-toolbar": {
        "path": "ojs/ojtoolbar"
      },
      "oj-navigation-list": {
        "path": "ojs/ojnavigationlist"
      },
      "oj-button": {
        "path": "ojs/ojbutton"
      },
      "oj-dialog": {
        "path": "ojs/ojdialog"
      },
      "oj-conveyor-belt": {
        "path": "ojs/ojconveyorbelt"
      }

    }
  },
  "translations": {}
}