{
  "description": "",
  "root": "callRestGetTimeCardTemplate",
  "actions": {

    "fireNotification": {
      "module": "vb/action/builtin/fireNotificationEventAction",
      "parameters": {
        "target": "leaf",
        "summary": "[[ $chain.results.callRestGetTimeCardTemplate.message.summary ]]",
        "type": "error",
        "displayMode": "persist"
      },
      "outcomes": {
        "success": "return3"
      }
    },
    "callRestGetTimeCardTemplate": {
      "module": "vb/action/builtin/restAction",
      "parameters": {
        "endpoint": "ords/getTimeCardTemplate",
        "uriParams": {
          "p_template_id": "{{ $variables.key }}"
        }
      },
      "outcomes": {
        "failure": "fireNotification",
        "success": "if"
      }
    },
    "if": {
      "module": "vb/action/builtin/ifAction",
      "parameters": {
        "condition": "[[ $chain.results.callRestGetTimeCardTemplate.body.Items.length > 0 ]]"
      },
      "outcomes": {
        "true": "assignVariablesPostTimeEntryPayload",
        "false": "return2"
      }
    },
    "fireNotification2": {
      "module": "vb/action/builtin/fireNotificationEventAction",
      "parameters": {
        "target": "leaf",
        "summary": "[[ $chain.results.callRestPostTimeEntryRecord.message.summary ]]",
        "type": "error",
        "displayMode": "persist"
      },
      "outcomes": {
        "success": "return"
      }
    },
    "callRestPostTimeEntryRecord": {
      "module": "vb/action/builtin/restAction",
      "parameters": {
        "endpoint": "ords/postTimeEntryRecord",
        "body": "{{ $page.variables.postTimeEntryPayload }}"
      },
      "outcomes": {
        "failure": "fireNotification2",
        "success": "fireEventRetriggerEnterTimecardVBEnter"
      }
    },
    "assignVariablesPostTimeEntryPayload": {
      "module": "vb/action/builtin/assignVariablesAction",
      "parameters": {
        "$page.variables.postTimeEntryPayload": {
          "source": {
            "Items": "{{ $chain.results.callRestGetTimeCardTemplate.body.Items }}"
          },
          "reset": "none",
          "auto": "always",
          "mapping": {
            "$target.Items": {
              "source": "$source.Items",
              "reset": "empty",
              "auto": "always",
              "mapping": {
                "$target.end_date": {
                  "source": "$application.variables.commonApplicationOrUserData.currentWeekEndDate",
                  "reset": "none"
                },
                "$target.start_date": {
                  "source": "$application.variables.commonApplicationOrUserData.currentWeekStartDate",
                  "reset": "none"
                },
                "$target.person_id": {
                  "source": "$application.variables.commonApplicationOrUserData.personId",
                  "reset": "none"
                },
                "$target.template_id": {
                  "source": "$application.variables.commonApplicationOrUserData.layoutId",
                  "reset": "none"
                }
              }
            }
          }
        }
      },
      "outcomes": {
        "success": "callRestPostTimeEntryRecord"
      }
    },
    "return": {
      "module": "vb/action/builtin/returnAction",
      "parameters": {
        "outcome": "success"
      }
    },
    "return2": {
      "module": "vb/action/builtin/returnAction",
      "parameters": {
        "outcome": "success"
      }
    },
    "return3": {
      "module": "vb/action/builtin/returnAction",
      "parameters": {
        "outcome": "success"
      }
    },
    "return4": {
      "module": "vb/action/builtin/returnAction",
      "parameters": {
        "outcome": "success"
      }
    },
    "fireEventRetriggerEnterTimecardVBEnter": {
      "module": "vb/action/builtin/fireCustomEventAction",
      "parameters": {
        "name": "application:retriggerEnterTimecardVBEnter",
        "payload": {
          "pageCalledFrom": "START"
        }
      },
      "outcomes": {
        "success": "return4"
      }
    }
  },
  "variables": {
    "key": {
      "required": true,
      "type": "any",
      "input": "fromCaller"
    }
  }
}