{
  "root": "runInParallel",
  "description": "",
  "actions": {
    "fireNotification": {
      "module": "vb/action/builtin/fireNotificationEventAction",
      "parameters": {
        "target": "leaf",
        "summary": "[[ $chain.results.callRestGetGetTimeCardTemplate.message.summary ]]",
        "type": "error",
        "displayMode": "persist"
      },
      "outcomes": {
        "success": "return2"
      }
    },
    "callRestGetGetTimeCardTemplate": {
      "module": "vb/action/builtin/restAction",
      "parameters": {
        "endpoint": "ords/getGetTimeCardTemplate",
        "uriParams": {
          "p_person_id": "{{ $application.variables.commonApplicationOrUserData.personId }}"
        }
      },
      "outcomes": {
        "failure": "fireNotification",
        "success": "if"
      }
    },
    "if": {
      "module": "vb/action/builtin/ifAction",
      "parameters": {
        "condition": "[[ $chain.results.callRestGetGetTimeCardTemplate.body.count > 0 ]]"
      },
      "outcomes": {
        "true": "callFunctionAddBtnToLOV"
      }
    },
    "runInParallel": {
      "module": "vb/action/builtin/forkAction",
      "parameters": {
        "actions": {
          "callRestGetGetTimeCardTemplate": "callRestGetGetTimeCardTemplate"
        }
      },
      "outcomes": {
        "join": "return"
      }
    },
    "return": {
      "module": "vb/action/builtin/returnAction",
      "parameters": {
        "outcome": "success"
      }
    },
    "return2": {
      "module": "vb/action/builtin/returnAction",
      "parameters": {
        "outcome": "success"
      }
    },
    "assignVariablesTemplatesLovADP": {
      "module": "vb/action/builtin/assignVariablesAction",
      "parameters": {
        "$page.variables.templatesLovADP": {
          "source": {
            "data": "{{ $chain.results.callFunctionAddBtnToLOV }}"
          },
          "reset": "none",
          "auto": "always",
          "mapping": {
            "$target.data": {
              "source": "$source.data",
              "reset": "empty"
            }
          }
        }
      }
    },
    "callFunctionAddBtnToLOV": {
      "module": "vb/action/builtin/callModuleFunctionAction",
      "parameters": {
        "module": "[[ $functions ]]",
        "functionName": "addBtnToLOV",
        "params": [
          "{{ $chain.results.callRestGetGetTimeCardTemplate.body.items }}"
        ]
      },
      "outcomes": {
        "success": "assignVariablesTemplatesLovADP"
      }
    }
  }
}