{
  "description": "",
  "root": "callFunctionShowLoader",
  "actions": {
    "navigateToCreateTimecardSearchStart": {
      "module": "vb/action/builtin/navigateAction",
      "@dt": {
        "targetType": "page"
      },
      "parameters": {
        "page": "create-timecard-search-start",
        "params": {
          "searchInput": "{{ $page.variables.searchInput }}",
          "searchMenuBtnSelectedValue": "{{ $page.variables.searchMenuBtnSelectedValue }}"
        }
      }
    },
    "callFunctionShowLoader": {
      "module": "vb/action/builtin/callModuleFunctionAction",
      "parameters": {
        "module": "[[ $application.functions ]]",
        "functionName": "showLoader"
      },
      "outcomes": {
        "success": "navigateToCreateTimecardSearchStart"
      }
    }
  },
  "variables": {}
}