{
  "description": "",
  "root": "callFunctionShowLoader",
  "actions": {
    "navigateToCreateTimecardSearchStartAdvanced": {
      "module": "vb/action/builtin/navigateAction",
      "parameters": {
        "page": "create-timecard-search-start-advanced"
      }
    },
    "callFunctionShowLoader": {
      "module": "vb/action/builtin/callModuleFunctionAction",
      "parameters": {
        "module": "[[ $application.functions ]]",
        "functionName": "showLoader"
      },
      "outcomes": {
        "success": "navigateToCreateTimecardSearchStartAdvanced"
      }
    }
  },
  "variables": {}
}