{
  "description": "",
  "root": "callFunctionShowLoader",
  "actions": {
    "callFunctionShowLoader": {
      "module": "vb/action/builtin/callModuleFunctionAction",
      "parameters": {
        "module": "[[ $application.functions ]]",
        "functionName": "showLoader"
      },
      "outcomes": {
        "success": "navigateToCreateTimecardCreateTimecardFaqStart"
      }
    },
    "navigateToCreateTimecardCreateTimecardFaqStart": {
      "module": "vb/action/builtin/navigateAction",
      "@dt": {
        "targetType": "flow"
      },
      "parameters": {
        "target": "parent",
        "flow": "create-timecard",
        "page": "create-timecard-faq-start"
      }
    }
  },
  "variables": {}
}