{
  "root": "assignVariablesSelectedNavigationItem",
  "description": "",
  "variables": {},
  "actions": {

    "assignVariablesSelectedNavigationItem": {
      "module": "vb/action/builtin/assignVariablesAction",
      "parameters": {
        "$application.variables.selected_navigation_item": {
          "source": "create-timecard-start"
        }
      },
      "outcomes": {
        "success": "callChainACFetchLOV"
      }
    },
    "callFunctionHideLoader": {
      "module": "vb/action/builtin/callModuleFunctionAction",
      "parameters": {
        "module": "[[ $application.functions ]]",
        "functionName": "hideLoader"
      }
    },
    "callChainACFetchLOV": {
      "module": "vb/action/builtin/callChainAction",
      "parameters": {
        "id": "AC_Fetch_LOV"
      },
      "outcomes": {
        "success": "callFunctionHideLoader"
      }
    }
  }
}