{
  "description": "",
  "root": "callFunctionShowLoader",
  "actions": {
    "ifData": {
      "module": "vb/action/builtin/ifAction",
      "parameters": {
        "condition": "[[ $variables.data.template_name === 'SEE ALL' ]]"
      },
      "outcomes": {
        "true": "navigateToCreateTimecardTemplateStart",
        "false": "callChainACAddTimecardFromTemplateLOV"
      }
    },
    "navigateToCreateTimecardTemplateStart": {
      "module": "vb/action/builtin/navigateAction",
      "parameters": {
        "page": "create-timecard-template-start"
      }
    },
    "callFunctionShowLoader": {
      "module": "vb/action/builtin/callModuleFunctionAction",
      "parameters": {
        "module": "[[ $application.functions ]]",
        "functionName": "showLoader"
      },
      "outcomes": {
        "success": "ifData"
      }
    },
    "callChainACAddTimecardFromTemplateLOV": {
      "module": "vb/action/builtin/callChainAction",
      "parameters": {
        "id": "AC_Add_Timecard_From_Template_LOV",
        "params": {
          "key": "{{ $variables.key }}"
        }
      },
      "outcomes": {
        "success": "callFunctionHideLoader"
      }
    },
    "callFunctionHideLoader": {
      "module": "vb/action/builtin/callModuleFunctionAction",
      "parameters": {
        "module": "[[ $application.functions ]]",
        "functionName": "hideLoader"
      }
    }
  },
  "variables": {
    "key": {
      "required": true,
      "type": "any",
      "input": "fromCaller"
    },
    "data": {
      "required": true,
      "type": "any",
      "input": "fromCaller"
    },
    "metadata": {
      "required": true,
      "type": "any",
      "input": "fromCaller"
    }
  }
}