{
	"Items" : [
{
	"country_code": "us",
	"end_date": "31-01-2021",
	"engagement_partner_id": 123456,
	"engagement_partner_name": "tets",
	"expenditure_type_hr_id": 123456,
	"expenditure_type_hr_name": "retsr",
	"favourite_flag": "n",
	"time1_comments": "test",
	"time1_measure": 2,
	"time1_measure_uom": "h",
	"time2_comments": "test",
	"time2_measure": 4,
	"time2_measure_uom": "h",
	"time3_comments": "test",
	"time3_measure": 4,
	"time3_measure_uom": "h",
	"time4_comments": "test",
	"time4_measure": 4,
	"time4_measure_uom": "h",
	"time5_comments": "test",
	"time5_measure": 4,
	"month_no": "01",
	"person_id": 123456,
	"project_activity_id": 123456,
	"projecta_ctivity_name": "test",
	"project_id": 1234567,
	"project_name": "test",
	"project_organization_id": 12345,
	"project_organization_name": "test",
	"start_date": "01-01-2021",
	"state_code": "a",
	"status": "a",
	"task_id": 1234567,
	"task_name": "test",
	"tax_area_id": 12456654,
	"tax_area_name": "test",
	"template_id": 2,
	"year": "2021"
},
{
	"country_code": "us",
	"end_date": "31-01-2021",
	"engagement_partner_id": 123456,
	"engagement_partner_name": "tets",
	"expenditure_type_hr_id": 123456,
	"expenditure_type_hr_name": "retsr",
	"favourite_flag": "n",
	"time1_comments": "test",
	"time1_measure": 2,
	"time1_measure_uom": "h",
	"time2_comments": "test",
	"time2_measure": 4,
	"time2_measure_uom": "h",
	"time3_comments": "test",
	"time3_measure": 4,
	"time3_measure_uom": "h",
	"time4_comments": "test",
	"time4_measure": 4,
	"time4_measure_uom": "h",
	"time5_comments": "test",
	"time5_measure": 4,
	"month_no": "01",
	"person_id": 123456,
	"project_activity_id": 123456,
	"projecta_ctivity_name": "test",
	"project_id": 1234567,
	"project_name": "test",
	"project_organization_id": 12345,
	"project_organization_name": "test",
	"start_date": "01-01-2021",
	"state_code": "a",
	"status": "a",
	"task_id": 1234567,
	"task_name": "test",
	"tax_area_id": 12456654,
	"tax_area_name": "test",
	"template_id": 2,
	"year": "2021"
}
	]
}