{
    "Items": [
        {
            "id": 18,
            "attribute1": "",
            "attribute10": "",
            "attribute2": "",
            "attribute3": "",
            "attribute4": "",
            "attribute5": "",
            "attribute6": "",
            "attribute7": "",
            "attribute8": "",
            "attribute9": "",
            "country_code": "us",
            "created_by": "",
            "creation_date": "",
            "end_date": "31-01-2021",
            "engagement_partner_id": 123456,
            "engagement_partner_name": "tets",
            "expenditure_type_hr_id": 123456,
            "expenditure_type_hr_name": "retsr",
            "favourite_flag": "n",
            "time1_comments": "test",
            "time1_measure": 2,
            "time1_measure_uom": "h",
            "time2_comments": "test",
            "time2_measure": 4,
            "time2_measure_uom": "h",
            "time3_comments": "test",
            "time3_measure": 4,
            "time3_measure_uom": "h",
            "time4_comments": "test",
            "time4_measure": 4,
            "time4_measure_uom": "",
            "time5_comments": "test",
            "time5_measure": 4,
            "time5_measure_uom": "",
            "time6_comments": "",
            "time6_measure": "",
            "time6_measure_uom": "",
            "time7_comments": "",
            "time7_measure": "",
            "time7_measure_uom": "",
            "last_update_date": "",
            "last_updated_by": "",
            "month_no": 1,
            "person_id": 123456,
            "project_activity_id": 123456,
            "project_activity_name": "",
            "project_id": 1234567,
            "project_name": "test",
            "project_organization_id": 12345,
            "project_organization_name": "test",
            "start_date": "01-01-2021",
            "state_code": "a",
            "status": "a",
            "task_id": 1234567,
            "task_name": "test",
            "tax_area_id": 12456654,
            "tax_area_name": "test",
            "layout_id": "",
            "year": "2021"
        },
        {
            "id": 19,
            "attribute1": "",
            "attribute10": "",
            "attribute2": "",
            "attribute3": "",
            "attribute4": "",
            "attribute5": "",
            "attribute6": "",
            "attribute7": "",
            "attribute8": "",
            "attribute9": "",
            "country_code": "us",
            "created_by": "",
            "creation_date": "",
            "end_date": "31-01-2021",
            "engagement_partner_id": 123456,
            "engagement_partner_name": "tets",
            "expenditure_type_hr_id": 123456,
            "expenditure_type_hr_name": "retsr",
            "favourite_flag": "n",
            "time1_comments": "test",
            "time1_measure": 2,
            "time1_measure_uom": "h",
            "time2_comments": "test",
            "time2_measure": 4,
            "time2_measure_uom": "h",
            "time3_comments": "test",
            "time3_measure": 4,
            "time3_measure_uom": "h",
            "time4_comments": "test",
            "time4_measure": 4,
            "time4_measure_uom": "",
            "time5_comments": "test",
            "time5_measure": 4,
            "time5_measure_uom": "",
            "time6_comments": "",
            "time6_measure": "",
            "time6_measure_uom": "",
            "time7_comments": "",
            "time7_measure": "",
            "time7_measure_uom": "",
            "last_update_date": "",
            "last_updated_by": "",
            "month_no": 1,
            "person_id": 123456,
            "project_activity_id": 123456,
            "project_activity_name": "",
            "project_id": 1234567,
            "project_name": "test",
            "project_organization_id": 12345,
            "project_organization_name": "test",
            "start_date": "01-01-2021",
            "state_code": "a",
            "status": "a",
            "task_id": 1234567,
            "task_name": "test",
            "tax_area_id": 12456654,
            "tax_area_name": "test",
            "layout_id": "",
            "year": "2021"
        }
    ]
}