{
	"person_id" : 10043, 
	"start_date" : "13-11-2021",
	"end_date"   : "19-11-2021",
	"project_code": "PJR_2",
	"project_name": "Project Two",
	"engagement_manager": "Manager 1",
	"task_code": "Task One 1",
	"country_code": "USA",
	"state_code": "AK",
	"engagement_partner": "Partner 1",
	"unique_id": "289129",
	"status": "Active",
	"favourite_flag": "Y",
	"sat": "8",
	"sun": "8",
	"mon": "",
	"tue": "8",
	"wed": "8",
	"thu": "8",
	"fri": "8",
	"sat_comment": "Saturday Comment",
	"sun_comment": "",
	"mon_comment": "",
	"tue_comment": "Tuesday Comment",
	"wed_comment": "Wednesday Comment",
	"thu_comment": "Thursday Comment",
	"fri_comment": "Friday Comment"
}