{
  "root": "callFunctionGetCurrentWeekStartAndEndDate",
  "description": "",
  "variables": {},
  "actions": {
    "fireNotification": {
      "module": "vb/action/builtin/fireNotificationEventAction",
      "parameters": {
        "target": "leaf",
        "summary": "[[ $chain.results.callRestGetGetLayoutAttributes.message.summary ]]",
        "type": "error",
        "displayMode": "persist"
      }
    },
    "callRestGetGetLayoutAttributes": {
      "module": "vb/action/builtin/restAction",
      "parameters": {
        "endpoint": "ords/getGetLayoutAttributes",
        "headers": {
          "pusername": "{{ $application.variables.commonApplicationOrUserData.userName }}"
        }
      },
      "outcomes": {
        "failure": "fireNotification",
        "success": "assignVariablesTableColumnsArray"
      }
    },
    "assignVariablesTableColumnsArray": {
      "module": "vb/action/builtin/assignVariablesAction",
      "parameters": {
        "$application.variables.tableColumnsArray": {
          "source": "{{ $chain.results.callRestGetGetLayoutAttributes.body.Items }}",
          "reset": "empty"
        },
        "$application.variables.applicationMetadata": {
          "source": {
            "layout_name": "{{ $chain.results.callRestGetGetLayoutAttributes.body.layout_name }}",
            "ManagerFlg": "{{ $chain.results.callRestGetGetLayoutAttributes.body.ManagerFlg }}",
            "OrganizationId": "{{ $chain.results.callRestGetGetLayoutAttributes.body.OrganizationId }}"
          },
          "reset": "none",
          "auto": "always"
        },
        "$application.variables.commonApplicationOrUserData": {
          "source": {
            "personId": "{{ $chain.results.callRestGetGetLayoutAttributes.body.personId }}",
            "layoutId": "{{ $chain.results.callRestGetGetLayoutAttributes.body.layout_id }}"
          },
          "reset": "none",
          "auto": "always"
        }
      }
    },
    "assignVariablesCommonApplicationOrUserData": {
      "module": "vb/action/builtin/assignVariablesAction",
      "parameters": {
        "$application.variables.commonApplicationOrUserData": {
          "source": {
            "userName": "phillip.jacobs@pwc.com",
            "currentWeekStartDate": "{{ $chain.results.callFunctionGetCurrentWeekStartAndEndDate.currentWeekStartDate||'' }}",
            "currentWeekEndDate": "{{ $chain.results.callFunctionGetCurrentWeekStartAndEndDate.currentWeekEndDate||'' }}"
          },
          "reset": "none",
          "auto": "always"
        }
      },
      "outcomes": {
        "success": "callRestGetGetLayoutAttributes"
      }
    },
    "callFunctionGetCurrentWeekStartAndEndDate": {
      "module": "vb/action/builtin/callModuleFunctionAction",
      "parameters": {
        "module": "[[ $functions ]]",
        "functionName": "getCurrentWeekStartAndEndDate"
      },
      "outcomes": {
        "success": "assignVariablesCommonApplicationOrUserData"
      }
    }
  }
}