{
    "openapi": "3.0.0",
    "info": {
        "title": "HcmRestApi",
        "description": "timeRecordEventRequests - Create Timecard ",
        "version": "1.0.0"
    },
    "servers": [
        {
            "url": "https://egkl-dev8.fa.em2.oraclecloud.com/hcmRestApi/resources/11.13.18.05",
            "description": "HcmRestApi 11.13.18.05",
            "x-vb": {
                "authentication": {
                    "authenticated": {
                        "type": "basic",
                        "credentials": "vb_680896dd-f8fb-497b-a138-2fd856c82b42"
                    }
                },
                "forceProxy": "cors"
            }
        }
    ],
    "paths": {
        "/timeRecordEventRequests": {
            "post": {
                "operationId": "postTimeRecordEventRequests",
                "requestBody": {
                    "content": {
                        "application/json": {
                            "schema": {
                                "$ref": "#/components/schemas/PostTimeRecordEventRequestsRequest"
                            },
                            "examples": {
                                "vb": {
                                    "externalValue": "./examples/postTimeRecordEventRequests/request_application_json_vb.json"
                                }
                            }
                        }
                    }
                },
                "responses": {
                    "default": {
                        "description": "Response for default",
                        "content": {
                            "application/json": {
                                "schema": {
                                    "$ref": "#/components/schemas/PostTimeRecordEventRequestsResponse"
                                },
                                "examples": {
                                    "vb": {
                                        "summary": "Example stored by VB User",
                                        "externalValue": "./examples/postTimeRecordEventRequests/response_default_application_json_vb.json"
                                    }
                                }
                            }
                        }
                    }
               },
                "x-vb": {
                    "actionHint": "create"
                }
            }
        }
    },
    "components": {
        "schemas": {
            "PostTimeRecordEventRequestsRequest": {
                "type": "object",
                "properties": {
                    "processInline": {
                        "type": "string"
                    },
                    "processMode": {
                        "type": "string"
                    },
                    "timeRecordEvent": {
                        "type": "array",
                        "items": {
                            "type": "object",
                            "properties": {
                                "timeRecordId": {
                                    "type": "string"
                                },
                                "timeRecordVersion": {
                                    "type": "string"
                                },
                                "startTime": {
                                    "type": "string"
                                },
                                "measure": {
                                    "type": "string"
                                },
                                "reporterIdType": {
                                    "type": "string"
                                },
                                "reporterId": {
                                    "type": "string"
                                },
                                "crudStatusValue": {
                                    "type": "integer"
                                },
                                "comment": {
                                    "type": "string"
                                },
                                "operationType": {
                                    "type": "string"
                                },
                                "timeRecordEventAttribute": {
                                    "type": "array",
                                    "items": {
                                        "type": "object",
                                        "properties": {
                                            "attributeName": {
                                                "type": "string"
                                            },
                                            "attributeValue": {
                                                "oneOf": [
                                                    {
                                                        "type": "string"
                                                    },
                                                    {
                                                        "type": "integer"
                                                    }
                                                ]
                                            }
                                        }
                                    }
                                }
                            }
                        }
                    }
                }
            },
            "PostTimeRecordEventRequestsResponse": {
                "type": "object",
                "properties": {
                    "timeRecordEventRequestId": {
                        "type": "integer"
                    },
                    "processMode": {
                        "type": "string"
                    },
                    "processInline": {
                        "type": "string"
                    },
                    "timeRecordEvent": {
                        "type": "array",
                        "items": {
                            "type": "object",
                            "properties": {
                                "comment": {
                                    "type": "string"
                                },
                                "crudStatusValue": {
                                    "type": "integer"
                                },
                                "personId": {
                                    "type": "string"
                                },
                                "referenceDate": {
                                    "nullable": true
                                },
                                "reporterId": {
                                    "type": "string"
                                },
                                "reporterIdType": {
                                    "type": "string"
                                },
                                "startTime": {
                                    "type": "string"
                                },
                                "stopTime": {
                                    "nullable": true
                                },
                                "subresourceId": {
                                    "nullable": true
                                },
                                "timeRecordEventId": {
                                    "type": "integer"
                                },
                                "timeRecordEventRequestId": {
                                    "type": "integer"
                                },
                                "timeRecordId": {
                                    "nullable": true
                                },
                                "timeRecordVersion": {
                                    "nullable": true
                                },
                                "operationType": {
                                    "type": "string"
                                },
                                "assignmentNumber": {
                                    "nullable": true
                                },
                                "eventStatusValue": {
                                    "type": "integer"
                                },
                                "eventStatus": {
                                    "type": "string"
                                },
                                "measure": {
                                    "type": "integer"
                                },
                                "changeReason": {
                                    "nullable": true
                                },
                                "timeRecordEventAttribute": {
                                    "type": "array",
                                    "items": {
                                        "type": "object",
                                        "properties": {
                                            "timeAttributeFieldId": {
                                                "type": "integer"
                                            },
                                            "timeRecordEventAttributeId": {
                                                "type": "integer"
                                            },
                                            "timeRecordEventId": {
                                                "type": "integer"
                                            },
                                            "attributeValue": {
                                                "type": "string"
                                            },
                                            "changeReason": {
                                                "nullable": true
                                            },
                                            "attributeName": {
                                                "type": "string"
                                            },
                                            "links": {
                                                "type": "array",
                                                "items": {
                                                    "type": "object",
                                                    "properties": {
                                                        "rel": {
                                                            "type": "string"
                                                        },
                                                        "href": {
                                                            "type": "string"
                                                        },
                                                        "name": {
                                                            "type": "string"
                                                        },
                                                        "kind": {
                                                            "type": "string"
                                                        },
                                                        "properties": {
                                                            "type": "object",
                                                            "properties": {
                                                                "changeIndicator": {
                                                                    "type": "string"
                                                                }
                                                            }
                                                        }
                                                    }
                                                }
                                            }
                                        }
                                    }
                                },
                                "links": {
                                    "type": "array",
                                    "items": {
                                        "type": "object",
                                        "properties": {
                                            "rel": {
                                                "type": "string"
                                            },
                                            "href": {
                                                "type": "string"
                                            },
                                            "name": {
                                                "type": "string"
                                            },
                                            "kind": {
                                                "type": "string"
                                            },
                                            "properties": {
                                                "type": "object",
                                                "properties": {
                                                    "changeIndicator": {
                                                        "type": "string"
                                                    }
                                                }
                                            }
                                        }
                                    }
                                }
                            }
                        }
                    },
                    "links": {
                        "type": "array",
                        "items": {
                            "type": "object",
                            "properties": {
                                "rel": {
                                    "type": "string"
                                },
                                "href": {
                                    "type": "string"
                                },
                                "name": {
                                    "type": "string"
                                },
                                "kind": {
                                    "type": "string"
                                },
                                "properties": {
                                    "type": "object",
                                    "properties": {
                                        "changeIndicator": {
                                            "type": "string"
                                        }
                                    }
                                }
                            }
                        }
                    }
                }
            }
        }
    }
}