{
  "root": "assignVariables",
  "description": "",
  "actions": {
    "assignVariables": {
      "module": "vb/action/builtin/assignVariablesAction",
      "parameters": {
        "$application.variables.selected_navigation_item": {
          "source": "timecard-calendarhistory-start"
        }
      },
      "outcomes": {
        "success": "callFunctionHideLoader"
      }
    },
    "callFunctionHideLoader": {
      "module": "vb/action/builtin/callModuleFunctionAction",
      "parameters": {
        "module": "[[ $application.functions ]]",
        "functionName": "hideLoader"
      }
    }
  }
}