{
    "items": [
        {
            "layout_name": "PWC_OTL_MYVN_TIME_ENTRY_LAYOUT_SET",
            "rec_number": "300002945304222",
            "project_id": "300002945304222",
            "project_number": "499639 ",
            "project_name": "499639 - KUL_MYR_CIMB-Principal Balanced Fund_Tax Compliance - 31 December_00236430T002 - CIMB-Principal Balanced Fund",
            "client_name": "CIMB-Principal Balanced Fund",
            "client_id": "100002087265130",
            "project_organization_id": "300002855678657",
            "project_organization_name": "MY TAX FS KUL",
            "engagement_partner_id": "100002072698582",
            "engagement_partner_name": "Chang, Jennifer",
            "engagement_manager_id": "100002072701003",
            "engagement_manager_name": "Tham, Fook Seng",
            "project_activity_id": null,
            "project_activity_name": null,
            "task_id": null,
            "task_number": null,
            "task_name": null,
            "tax_area_name": "Malaysia-MY",
            "tax_area_id": "300000000361643",
            "expenditure_type_hr_id": null,
            "expenditure_type_hr_name": null,
            "project_unit_id": "300002838051513"
        },
        {
            "layout_name": "PWC_OTL_MYVN_TIME_ENTRY_LAYOUT_SET",
            "rec_number": "300002945342818",
            "project_id": "300002945342818",
            "project_number": "500409 ",
            "project_name": "500409 - KUL_MYR_Principal Islamic Lifetime Balanced Growth Fund_Tax Compliance - 31 Dec 2019_00245855T003 - Principal Islamic Lifetime Balanced Growth Fund",
            "client_name": "Principal Islamic Lifetime Balanced Growth Fund",
            "client_id": "100002087265286",
            "project_organization_id": "300002855678657",
            "project_organization_name": "MY TAX FS KUL",
            "engagement_partner_id": "100002072698582",
            "engagement_partner_name": "Chang, Jennifer",
            "engagement_manager_id": "100002072701003",
            "engagement_manager_name": "Tham, Fook Seng",
            "project_activity_id": null,
            "project_activity_name": null,
            "task_id": null,
            "task_number": null,
            "task_name": null,
            "tax_area_name": "Malaysia-MY",
            "tax_area_id": "300000000361643",
            "expenditure_type_hr_id": null,
            "expenditure_type_hr_name": null,
            "project_unit_id": "300002838051513"
        },
        {
            "layout_name": "PWC_OTL_MYVN_TIME_ENTRY_LAYOUT_SET",
            "rec_number": "300002945351867",
            "project_id": "300002945351867",
            "project_number": "500418 ",
            "project_name": "500418 - KUL_MYR_Principal Islamic Lifetime Balanced Growth Fund_Tax Compliance - 31 Dec 2020_00245855T016 - Principal Islamic Lifetime Balanced Growth Fund",
            "client_name": "Principal Islamic Lifetime Balanced Growth Fund",
            "client_id": "100002087265286",
            "project_organization_id": "300002855678657",
            "project_organization_name": "MY TAX FS KUL",
            "engagement_partner_id": "100002072698582",
            "engagement_partner_name": "Chang, Jennifer",
            "engagement_manager_id": "100002072701003",
            "engagement_manager_name": "Tham, Fook Seng",
            "project_activity_id": null,
            "project_activity_name": null,
            "task_id": null,
            "task_number": null,
            "task_name": null,
            "tax_area_name": "Malaysia-MY",
            "tax_area_id": "300000000361643",
            "expenditure_type_hr_id": null,
            "expenditure_type_hr_name": null,
            "project_unit_id": "300002838051513"
        },
        {
            "layout_name": "PWC_OTL_MYVN_TIME_ENTRY_LAYOUT_SET",
            "rec_number": "300002945835446",
            "project_id": "300002945835446",
            "project_number": "509773 ",
            "project_name": "509773 - Ocean Commercial One Member Limited Liability Bank_Audit for YE 31.12.2020_50002186Y120HAN - Ocean Commercial One Member Limited Liability Bank",
            "client_name": "ERNST & YOUNG VIET NAM LIMITED",
            "client_id": "100002087269621",
            "project_organization_id": "300002855788634",
            "project_organization_name": "VN ASR FINANCIAL AUDIT 1 HAN",
            "engagement_partner_id": "100002072881394",
            "engagement_partner_name": "Nguyen Phi, Lan",
            "engagement_manager_id": "100002072881947",
            "engagement_manager_name": "Bui Phuong, Hanh",
            "project_activity_id": null,
            "project_activity_name": null,
            "task_id": null,
            "task_number": null,
            "task_name": null,
            "tax_area_name": "Malaysia-MY",
            "tax_area_id": "300000000361643",
            "expenditure_type_hr_id": null,
            "expenditure_type_hr_name": null,
            "project_unit_id": "300002838051553"
        },
        {
            "layout_name": "PWC_OTL_MYVN_TIME_ENTRY_LAYOUT_SET",
            "rec_number": "300002945835446",
            "project_id": "300002945835446",
            "project_number": "509773 ",
            "project_name": "509773 - Ocean Commercial One Member Limited Liability Bank_Audit for YE 31.12.2020_50002186Y120HAN - Ocean Commercial One Member Limited Liability Bank",
            "client_name": "Ocean Commercial One Member Limited Liability Bank",
            "client_id": "100002087264150",
            "project_organization_id": "300002855788634",
            "project_organization_name": "VN ASR FINANCIAL AUDIT 1 HAN",
            "engagement_partner_id": "100002072881394",
            "engagement_partner_name": "Nguyen Phi, Lan",
            "engagement_manager_id": "100002072881947",
            "engagement_manager_name": "Bui Phuong, Hanh",
            "project_activity_id": null,
            "project_activity_name": null,
            "task_id": null,
            "task_number": null,
            "task_name": null,
            "tax_area_name": "Malaysia-MY",
            "tax_area_id": "300000000361643",
            "expenditure_type_hr_id": null,
            "expenditure_type_hr_name": null,
            "project_unit_id": "300002838051553"
        },
        {
            "layout_name": "PWC_OTL_MYVN_TIME_ENTRY_LAYOUT_SET",
            "rec_number": "300002945905209",
            "project_id": "300002945905209",
            "project_number": "511115 ",
            "project_name": "511115 - KUL_MYR_Fluor Daniel International (Malaysia) Sdn. Bhd._GLOBAL VISA SOLUTIONS_00256185D002 - FLUOR DANIEL INTERNATIONAL (MALAYSIA) SDN. BHD.",
            "client_name": "FLUOR DANIEL INTERNATIONAL (MALAYSIA) SDN. BHD.",
            "client_id": "100002087261507",
            "project_organization_id": "300002855595520",
            "project_organization_name": "MY GMS CST KUL",
            "engagement_partner_id": "100002072699126",
            "engagement_partner_name": "Reddy, Sasha",
            "engagement_manager_id": "100002072697890",
            "engagement_manager_name": "Govindnraju, Poobalan",
            "project_activity_id": null,
            "project_activity_name": null,
            "task_id": null,
            "task_number": null,
            "task_name": null,
            "tax_area_name": "Malaysia-MY",
            "tax_area_id": "300000000361643",
            "expenditure_type_hr_id": null,
            "expenditure_type_hr_name": null,
            "project_unit_id": "300002838051513"
        },
        {
            "layout_name": "PWC_OTL_MYVN_TIME_ENTRY_LAYOUT_SET",
            "rec_number": "300002946268790",
            "project_id": "300002946268790",
            "project_number": "517943 ",
            "project_name": "517943 - KUL_MYR_Affin Hwang Aiiman Balanced Fund_Tax Compliance - 31 Mar 2020_00241734T004 - Affin Hwang Aiiman Balanced Fund",
            "client_name": "Affin Hwang Aiiman Balanced Fund",
            "client_id": "100002087265015",
            "project_organization_id": "300002855678657",
            "project_organization_name": "MY TAX FS KUL",
            "engagement_partner_id": "100002072700830",
            "engagement_partner_name": "Yeoh, Lorraine",
            "engagement_manager_id": "100002072699617",
            "engagement_manager_name": "S Panjanathan, Aruna",
            "project_activity_id": null,
            "project_activity_name": null,
            "task_id": null,
            "task_number": null,
            "task_name": null,
            "tax_area_name": "Malaysia-MY",
            "tax_area_id": "300000000361643",
            "expenditure_type_hr_id": null,
            "expenditure_type_hr_name": null,
            "project_unit_id": "300002838051513"
        },
        {
            "layout_name": "PWC_OTL_MYVN_TIME_ENTRY_LAYOUT_SET",
            "rec_number": "300002946300378",
            "project_id": "300002946300378",
            "project_number": "518656 ",
            "project_name": "518656 - KUL_MYR_Companies Commission of Malaysia_Study, review and implement financial framework_00248921B006 - Companies Commission of Malaysia",
            "client_name": "Companies Commission of Malaysia",
            "client_id": "100002087267914",
            "project_organization_id": "300002855268395",
            "project_organization_name": "MY ASR RAS KUL",
            "engagement_partner_id": "100002072700742",
            "engagement_partner_name": "Ting, Choo Wai",
            "engagement_manager_id": "100002072698083",
            "engagement_manager_name": "Jayapalan, Shinthia",
            "project_activity_id": null,
            "project_activity_name": null,
            "task_id": null,
            "task_number": null,
            "task_name": null,
            "tax_area_name": "Malaysia-MY",
            "tax_area_id": "300000000361643",
            "expenditure_type_hr_id": null,
            "expenditure_type_hr_name": null,
            "project_unit_id": "300002838051513"
        },
        {
            "layout_name": "PWC_OTL_MYVN_TIME_ENTRY_LAYOUT_SET",
            "rec_number": "300002946413581",
            "project_id": "300002946413581",
            "project_number": "520435 ",
            "project_name": "520435 - KUL_MYR_Genting Plantations Berhad_FYE 31 DEC 2020 - Non-scoped in subsidiaries (Apr)_00238209A126 - Genting Plantations Berhad",
            "client_name": "Kenyalang Borneo Sdn. Bhd.",
            "client_id": "100002087258760",
            "project_organization_id": "300002855206299",
            "project_organization_name": "MY ASR CIPS KUL",
            "engagement_partner_id": "100002072700049",
            "engagement_partner_name": "Hew, Chooi Yoke",
            "engagement_manager_id": "100002072700418",
            "engagement_manager_name": "Toh, David",
            "project_activity_id": null,
            "project_activity_name": null,
            "task_id": null,
            "task_number": null,
            "task_name": null,
            "tax_area_name": "Malaysia-MY",
            "tax_area_id": "300000000361643",
            "expenditure_type_hr_id": null,
            "expenditure_type_hr_name": null,
            "project_unit_id": "300002838051513"
        },
        {
            "layout_name": "PWC_OTL_MYVN_TIME_ENTRY_LAYOUT_SET",
            "rec_number": "300002946533980",
            "project_id": "300002946533980",
            "project_number": "522650 ",
            "project_name": "522650 - SON KIM RETAIL CORPORATION_Audit 31 Dec 2020_50007606Y120SGN - SON KIM RETAIL CORPORATION",
            "client_name": "SON KIM RETAIL CORPORATION",
            "client_id": "100002087259523",
            "project_organization_id": "300002855799130",
            "project_organization_name": "VN ASR FINANCIAL AUDIT 2 SGN",
            "engagement_partner_id": "100002072881971",
            "engagement_partner_name": "Luong Thi Anh, Tuyet",
            "engagement_manager_id": "100002072881765",
            "engagement_manager_name": "Le Nam, Phong",
            "project_activity_id": null,
            "project_activity_name": null,
            "task_id": null,
            "task_number": null,
            "task_name": null,
            "tax_area_name": "Malaysia-MY",
            "tax_area_id": "300000000361643",
            "expenditure_type_hr_id": null,
            "expenditure_type_hr_name": null,
            "project_unit_id": "300002838051553"
        },
        {
            "layout_name": "PWC_OTL_MYVN_TIME_ENTRY_LAYOUT_SET",
            "rec_number": "300002946719574",
            "project_id": "300002946719574",
            "project_number": "526165 ",
            "project_name": "526165 - Union Materials Vietnam Co., Ltd._Audit for YE 31.12.2020_50007982Y120HAN - Union Materials Vietnam Co., Ltd.",
            "client_name": "Union Materials Vietnam Co., Ltd.",
            "client_id": "100002087259470",
            "project_organization_id": "300002855788634",
            "project_organization_name": "VN ASR FINANCIAL AUDIT 1 HAN",
            "engagement_partner_id": "100002072882596",
            "engagement_partner_name": "Tran Hong, Kien",
            "engagement_manager_id": "100002072882692",
            "engagement_manager_name": "Nguyen Cam, Ly",
            "project_activity_id": null,
            "project_activity_name": null,
            "task_id": null,
            "task_number": null,
            "task_name": null,
            "tax_area_name": "Malaysia-MY",
            "tax_area_id": "300000000361643",
            "expenditure_type_hr_id": null,
            "expenditure_type_hr_name": null,
            "project_unit_id": "300002838051553"
        },
        {
            "layout_name": "PWC_OTL_MYVN_TIME_ENTRY_LAYOUT_SET",
            "rec_number": "300002946994610",
            "project_id": "300002946994610",
            "project_number": "531100 ",
            "project_name": "531100 - KUL_MYR_Dutaland Berhad_Tax Compliance - 30 Jun 2019_00216103T017 - Dutaland Berhad",
            "client_name": "Dutaland Berhad",
            "client_id": "100002087265113",
            "project_organization_id": "300002855678446",
            "project_organization_name": "MY TAX CT2 KUL",
            "engagement_partner_id": "100002072698199",
            "engagement_partner_name": "Murad, Taariq",
            "engagement_manager_id": "100002072700003",
            "engagement_manager_name": "Phang, Josephine",
            "project_activity_id": null,
            "project_activity_name": null,
            "task_id": null,
            "task_number": null,
            "task_name": null,
            "tax_area_name": "Malaysia-MY",
            "tax_area_id": "300000000361643",
            "expenditure_type_hr_id": null,
            "expenditure_type_hr_name": null,
            "project_unit_id": "300002838051513"
        },
        {
            "layout_name": "PWC_OTL_MYVN_TIME_ENTRY_LAYOUT_SET",
            "rec_number": "300002946994656",
            "project_id": "300002946994656",
            "project_number": "531107 ",
            "project_name": "531107 - KUL_MYR_Dutaland Berhad_Tax Compliance - 30 Jun 2020_00216103T018 - Dutaland Berhad",
            "client_name": "Dutaland Berhad",
            "client_id": "100002087265113",
            "project_organization_id": "300002855678446",
            "project_organization_name": "MY TAX CT2 KUL",
            "engagement_partner_id": "100002072698199",
            "engagement_partner_name": "Murad, Taariq",
            "engagement_manager_id": "100002072700003",
            "engagement_manager_name": "Phang, Josephine",
            "project_activity_id": null,
            "project_activity_name": null,
            "task_id": null,
            "task_number": null,
            "task_name": null,
            "tax_area_name": "Malaysia-MY",
            "tax_area_id": "300000000361643",
            "expenditure_type_hr_id": null,
            "expenditure_type_hr_name": null,
            "project_unit_id": "300002838051513"
        },
        {
            "layout_name": "PWC_OTL_MYVN_TIME_ENTRY_LAYOUT_SET",
            "rec_number": "300002947098386",
            "project_id": "300002947098386",
            "project_number": "532519 ",
            "project_name": "532519 - PEN_USD_Dell Global Business Center Sdn. Bhd._Dell India - FY20 Specified Procedures_00248201A045 - Dell Global Business Center Sdn. Bhd.",
            "client_name": "Dell Global Business Center Sdn. Bhd.",
            "client_id": "100002087249712",
            "project_organization_id": "300002855268166",
            "project_organization_name": "MY ASR PEN",
            "engagement_partner_id": "100002072698204",
            "engagement_partner_name": "Ang, Guat Im",
            "engagement_manager_id": "100002072699735",
            "engagement_manager_name": "Liau, Shuan Ee",
            "project_activity_id": null,
            "project_activity_name": null,
            "task_id": null,
            "task_number": null,
            "task_name": null,
            "tax_area_name": "Malaysia-MY",
            "tax_area_id": "300000000361643",
            "expenditure_type_hr_id": null,
            "expenditure_type_hr_name": null,
            "project_unit_id": "300002838051513"
        },
        {
            "layout_name": "PWC_OTL_MYVN_TIME_ENTRY_LAYOUT_SET",
            "rec_number": "300002947098386",
            "project_id": "300002947098386",
            "project_number": "532519 ",
            "project_name": "532519 - PEN_USD_Dell Global Business Center Sdn. Bhd._Dell India - FY20 Specified Procedures_00248201A045 - Dell Global Business Center Sdn. Bhd.",
            "client_name": "Price Waterhouse Chartered Accountants LLP",
            "client_id": "100001282256612",
            "project_organization_id": "300002855268166",
            "project_organization_name": "MY ASR PEN",
            "engagement_partner_id": "100002072698204",
            "engagement_partner_name": "Ang, Guat Im",
            "engagement_manager_id": "100002072699735",
            "engagement_manager_name": "Liau, Shuan Ee",
            "project_activity_id": null,
            "project_activity_name": null,
            "task_id": null,
            "task_number": null,
            "task_name": null,
            "tax_area_name": "Malaysia-MY",
            "tax_area_id": "300000000361643",
            "expenditure_type_hr_id": null,
            "expenditure_type_hr_name": null,
            "project_unit_id": "300002838051513"
        },
        {
            "layout_name": "PWC_OTL_MYVN_TIME_ENTRY_LAYOUT_SET",
            "rec_number": "300003140219713",
            "project_id": "300003140219713",
            "project_number": "542023 ",
            "project_name": "542023 - Southern Industrial Gas Sdn. Bhd._31 DEC 2020_A000 - Southern Industrial Gas Sdn. Bhd.",
            "client_name": "Southern Industrial Gas Sdn. Bhd.",
            "client_id": "100002087258206",
            "project_organization_id": "300002855244151",
            "project_organization_name": "MY ASR JHB",
            "engagement_partner_id": "100002072701043",
            "engagement_partner_name": "Johnson, Manohar",
            "engagement_manager_id": "100002072698070",
            "engagement_manager_name": "Wong, Yit Lin",
            "project_activity_id": null,
            "project_activity_name": null,
            "task_id": null,
            "task_number": null,
            "task_name": null,
            "tax_area_name": "Malaysia-MY",
            "tax_area_id": "300000000361643",
            "expenditure_type_hr_id": null,
            "expenditure_type_hr_name": null,
            "project_unit_id": "300002838051513"
        },
        {
            "layout_name": "PWC_OTL_MYVN_TIME_ENTRY_LAYOUT_SET",
            "rec_number": "300003424558024",
            "project_id": "300003424558024",
            "project_number": "554301 ",
            "project_name": "554301 - BDC_CR - Wellbeing",
            "client_name": null,
            "client_id": null,
            "project_organization_id": "300002855660345",
            "project_organization_name": "MY IFS BDC KUL",
            "engagement_partner_id": null,
            "engagement_partner_name": null,
            "engagement_manager_id": null,
            "engagement_manager_name": null,
            "project_activity_id": null,
            "project_activity_name": null,
            "task_id": null,
            "task_number": null,
            "task_name": null,
            "tax_area_name": "Malaysia-MY",
            "tax_area_id": "300000000361643",
            "expenditure_type_hr_id": null,
            "expenditure_type_hr_name": null,
            "project_unit_id": "300002838051513"
        },
        {
            "layout_name": "PWC_OTL_MYVN_TIME_ENTRY_LAYOUT_SET",
            "rec_number": "300003773244250",
            "project_id": "300003773244250",
            "project_number": "575123 ",
            "project_name": "575123 - (USD) Organon Pharma Pty Ltd_Specified Procedures - [31 Dec 2020]_A003 - Merck Sharp & Dohme (Malaysia) Sdn. Bhd.",
            "client_name": "PricewaterhouseCoopers",
            "client_id": "100002087257342",
            "project_organization_id": "300002855201162",
            "project_organization_name": "MY ASR EMG KUL",
            "engagement_partner_id": "100002072698515",
            "engagement_partner_name": "Tan, Lai Yian",
            "engagement_manager_id": "100002072699028",
            "engagement_manager_name": "Kor, Zhen Quan",
            "project_activity_id": null,
            "project_activity_name": null,
            "task_id": null,
            "task_number": null,
            "task_name": null,
            "tax_area_name": "Malaysia-MY",
            "tax_area_id": "300000000361643",
            "expenditure_type_hr_id": null,
            "expenditure_type_hr_name": null,
            "project_unit_id": "300002838051513"
        }
    ],
    "first": {
        "$ref": "https://dc5iwixeofdxweu-devdb.adb.eu-frankfurt-1.oraclecloudapps.com/ords/ordspwc/OTL_S/TimeEntrySearch?userName=abdul.halim.abdul.karim%40pwc.com&searchBy=All&searchString=Alan"
    }
}